content,appear_time,mode,font_size,color,send_time,user_hash,row_id
牢懿展示神力,69.05,5,25,16777215,2025-04-18 18:35:57,2d037bb7,1827721296722098432
这不闪现吃雪豹,48.163,5,25,16777215,2025-04-18 18:35:04,cd8af84d,1827720851068984320
《你自己闯进来的》,160.351,5,25,16707842,2025-04-18 18:36:55,6ae54114,1827721782086660608
在一吨毒中找到一粒米,114.371,5,25,16777215,2025-04-18 18:38:31,d3b84b2e,1827722594615459328
敖影:我没意见,186.282,5,25,16777215,2025-04-18 18:41:52,3e1abc55,1827724278998091520
小兵:你不能走,32.735,5,25,15138834,2025-04-18 18:34:54,d796905e,1827720773944219904
筷子砸塑料袋的声音,19.366,5,25,16777215,2025-04-18 18:42:55,fdc9f10d,1827724804326235648
公孙离：你能反杀我？,177.693,5,25,15138834,2025-04-18 19:34:37,272493,1827750822692983296
项羽别回头，我是虞姬,86.874,1,25,16777215,2025-04-18 18:44:43,d5e9a9f9,1827725711604569088
《经典菜系》,10.94,5,25,15138834,2025-04-18 18:35:21,277a2044,1827720994019083264
这一技能用的，和姬小满似的。,131.37,1,25,16777215,2025-04-18 21:21:00,931f62cb,1827804369878800640
拿到专属厨具了（doge）,3.97,1,25,16777215,2025-04-18 18:34:51,876e1c7f,1827720746378691584
打野4寄，老头5级,52.347,5,25,15138834,2025-04-18 18:35:26,7166f1d1,1827721039560553216
0/4起手吗？有点意思哈，根儿,120.173,1,25,16707842,2025-04-18 18:37:56,e6110d0d,1827722298195553792
司马懿：王者荣耀设计师！,71.715,5,25,16777215,2025-04-18 18:35:53,86f0c8b1,1827721268770999552
来人！砸音响（doge,106.626,5,25,16707842,2025-04-18 18:37:29,157d08f8,1827722073381037056
小龙人飞得比老头大招时间都久,192.087,1,25,16777215,2025-04-18 21:38:15,dc47f1ca,1827813056492302336
王唯楚,75.696,1,25,16777215,2025-04-18 18:36:00,17420a95,1827721325662721280
血包（尊严）：逃过一劫,48.053,5,25,16707842,2025-04-18 18:35:26,91d2cb38,1827721041708464640
喜欢玩什么？,223.779,5,25,16707842,2025-04-18 18:45:18,1e9f7cca,1827726004643743232
糕手过招，点到为止,25.922,1,25,16777215,2025-04-18 18:35:39,55ad0d9e,1827721151389532160
闪现留着不吃血宝不完美,44.24,1,25,16777215,2025-04-18 18:36:11,9e37ce81,1827721415630671360
刘禅:OK了烙铁们,207.517,1,25,16777215,2025-04-18 18:38:37,1ff4bef3,1827722641448962048
小兵：老匹夫，休走！,38.389,5,25,16777215,2025-04-18 19:32:12,9b855750,1827749612308580608
吕布：单杀（血条在厚一刀带走）,156.58,5,25,16777215,2025-04-18 18:38:06,86f0c8b1,1827722382442282496
不管你是谁，从铁根身上下来,62.551,1,25,16777215,2025-04-18 18:46:25,caf81e23,1827726567334502400
项羽:我要不削0.25秒控制你不就炸了吗？,33.48,5,25,15138834,2025-04-18 18:36:19,277a2044,1827721484669010176
苍穹买完就验货啊,115.715,5,25,16777215,2025-04-18 19:55:38,a5923423,1827761405835718144
老头ID：神秘奇男子,160.079,5,25,16707842,2025-04-18 18:37:31,1825ec35,1827722085947553792
老头神力,199.741,1,25,16777215,2025-04-18 22:57:01,460de96f,1827852701564907776
其实现场懵逼的一匹,33.891,5,25,15138834,2025-04-18 18:36:02,83b1ee2c,1827721344461570304
血包：丹砂！,48.259,5,25,14811775,2025-04-18 18:35:58,f0ffa5d0,1827721305269482496
铁钟会：我们该算算旧账了,131.001,5,25,15138834,2025-04-18 18:41:30,432fec80,1827724096159986688
雀食挺不戳的,226.078,1,25,16777215,2025-04-18 18:41:17,8fd56a0e,1827723983240668160
《有些》,165.292,1,25,16777215,2025-04-18 18:37:36,31832e2f,1827722130104867584
谈笑间被吕布闪大打出复活甲了。,215.378,5,25,15138834,2025-04-18 18:42:30,fcfdac41,1827724591473878528
我的代码在你之上！,71.531,5,25,16707842,2025-04-18 18:35:59,6ae54114,1827721315579202048
别忘了铁根之前是老夫子的,113.571,5,25,15138834,2025-04-18 18:40:10,77807e09,1827723417706249728
细节想吃血包没吃到,46.785,5,25,16777215,2025-04-18 18:36:53,aef15734,1827721769621607680
苍穹庆祝,112.966,5,25,16707842,2025-04-18 18:38:48,dc2a6e81,1827722728892075008
他还想吃个血包 ,47.133,5,25,16777215,2025-04-18 18:35:24,2d037bb7,1827721024637742848
《积分夺宝》,5.431,5,25,16777215,2025-04-18 18:45:20,c9947b03,1827726019223225344
熬隐:我飞起来你不炸了,183.951,1,25,16777215,2025-04-18 18:39:40,e7a153da,1827723169906569984
都这时候了，铁根还不让铁柱出场（大哭）,208.265,5,25,16777215,2025-04-18 19:25:09,50def5e0,1827746057787329536
甚至id是那个男人,73.096,5,25,16777215,2025-04-18 18:47:44,9d471433,1827727227106776576
《守感》,15.438,1,25,16777215,2025-04-18 18:36:05,7517345c,1827721366733422080
我们该，算算旧账了,129.928,5,25,16707842,2025-04-18 18:40:50,e30d96f,1827723753795368192
你甚至不愿意用铁柱,212.939,1,25,16777215,2025-04-18 18:38:40,aba859b9,1827722663712789760
幽默苍穹,112.074,1,25,16777215,2025-04-18 18:36:43,46ff3785,1827721683562503424
感觉像逐花归海强普,24.672,5,25,16777215,2025-04-18 18:36:13,126d9371,1827721431040574976
队友：老夫子复活时间46秒,159.805,1,25,16777215,2025-04-18 18:39:33,5b663853,1827723110070850304
血条再厚，一刀带走！,159.086,5,25,14811775,2025-04-18 18:39:00,e3ad4550,1827722832356950528
孙膑：这股力量不属于你,105.047,5,25,15138834,2025-04-18 18:38:38,83b1ee2c,1827722648445724160
不对啊，不应该是上头闪现进去a不到项羽被反杀吗,26.118,5,25,16777215,2025-04-18 22:25:46,b37f8713,1827836972505465344
司马懿:我的代码在你之下！,72.459,1,25,16777215,2025-04-18 19:42:18,1083c7bf,1827754692827655680
经典苍穹当名刀,113.483,1,25,16777215,2025-04-18 18:37:54,31b32e17,1827722282458650624
秒赤,100.321,1,25,16777215,2025-04-18 18:36:59,2de9cb6d,1827721818611117056
神人狂铁技能全打反伤上了,131.712,1,25,16777215,2025-04-18 18:38:58,677ae5,1827722815462825472
青铜之拉,81.628,5,25,16777215,2025-04-18 19:05:02,e667d356,1827735937988941824
《这单杀有东西！》,176.3,5,25,15138834,2025-04-18 18:54:14,2079bc6b,1827730497473338880
时机已到，今日起兵！,130.598,5,25,11890,2025-04-18 18:38:29,8281b520,1827722577444029184
硬的跟钢筋一样啊！,114.871,5,25,15772458,2025-04-19 00:58:32,7939ce00,1827913861957945856
原力推动,88.164,1,25,16777215,2025-04-18 19:22:10,c62983cc,1827744563440200192
依稀当年泪不干~,87.424,5,25,41194,2025-04-18 18:52:57,af7319c3,1827729857497698048
怎么陷入水火都你别问,162.692,1,25,16777215,2025-04-18 18:38:12,f8c95310,1827722427867175424
正常不应该空闪大吗,64.972,5,25,16707842,2025-04-18 18:37:59,277a2044,1827722320031783680
女魔射神力,178.368,5,25,41194,2025-04-18 22:12:00,8b22f7f1,1827830038583238912
振刀！,31.561,1,25,16777215,2025-04-18 21:36:00,676476bd,1827811919173103104
这个时间点送塔确实比回城快,47.945,1,25,16777215,2025-04-18 18:43:35,d5e9a9f9,1827725137454735872
我为什么不用圣诞老人呢？还免费,221.26,1,25,16777215,2025-04-18 18:41:54,ad5ef760,1827724290825976320
靠着防御塔打伤害对吗？,128.019,5,25,16707842,2025-04-18 18:41:18,5daa0134,1827723992560101120
铁根之前玩的可是老夫子,135.131,5,25,15138834,2025-04-18 18:40:45,77807e09,1827723715971546112
破军神力,159.505,5,25,16707842,2025-04-18 18:40:14,dc2a6e81,1827723453139066368
原来这就是，一技能过街老鼠，大招小丑降临,69.721,5,25,16777215,2025-04-18 18:39:20,fce5200,1827722997948701184
没吃到血包 血亏,50.741,1,25,16777215,2025-04-18 18:36:03,b075f012,1827721349494444032
神秘后撤步男,72.11,1,25,16777215,2025-04-18 21:15:14,c61d103c,1827801468258851584
赖神这句话骗了德华一辈子,124.849,1,25,16777215,2025-04-18 18:48:56,34e1e992,1827727837176798976
《剩 蛋 老 人》,222.356,1,25,16777215,2025-04-18 18:39:16,71d8cc61,1827722970845064704
铁柱铁柱限时返场,206.982,5,25,41194,2025-04-18 18:39:16,1ac3d98e,1827722964083874560
苍穹当名刀用,112.671,5,25,16707842,2025-04-18 18:38:30,25d0e942,1827722578383408384
强制决斗,54.222,5,25,16777215,2025-04-19 01:45:17,ae61f38c,1827937389806008832
我无处不在吗？有点意思,73.227,5,25,6830715,2025-04-19 00:52:28,970b68a,1827910805158088704
小乔神力，直接给射手秒了。,100.739,1,25,16777215,2025-04-18 18:44:17,32bfb0e1,1827725490657081088
攒4个权标记了,123.757,5,25,15138834,2025-04-18 18:40:36,432fec80,1827723637907047680
队友：你猜我为什么陷入水火,163.547,5,25,16777215,2025-04-18 18:37:53,1ecda4e,1827722274221480448
小丑冲刺,72.399,1,25,16777215,2025-04-18 18:37:46,b64d103c,1827722211818482432
那么队友为什么陷入水火呢？,167.011,5,25,16777215,2025-04-18 18:37:14,240da7e3,1827721948131208448
谈笑间空了个一,81.887,1,25,16777215,2025-04-18 18:36:27,8b9b36f1,1827721548942085120
《成名菜》,3.931,5,25,41194,2025-04-18 19:47:49,da9a2b43,1827757473877138688
幽默问号第一个和唯一一个分不清是吗,143.434,1,25,16777215,2025-04-18 19:03:35,5ae1124c,1827735207148013056
对胃了,175.065,5,25,15138834,2025-04-18 18:53:57,1499b18b,1827730360143190016
牢布：算了…走不了把这个残血老头杀了吧,154.204,1,25,16777215,2025-04-18 18:41:17,6ac8eb6e,1827723980908726784
宫本：告诉你个秘密，躲在塔外的我是无敌的,148.299,5,25,41194,2025-04-19 09:56:42,3b702765,1828184730102385152
狂铁一二全打老夫子免伤上了，这狂铁诗人？,132.598,1,25,16777215,2025-04-18 21:06:46,2d76e5,1827797209479996416
我上次送塔直接就被糸统警告了,47.807,1,25,16777215,2025-04-18 20:24:05,19f678c1,1827775723084662784
这才是大厨的感觉嘛，前面是怎么回事,178.585,5,25,41194,2025-04-18 20:03:09,94c8d1bf,1827765186934253056
夏侯惇：真的吗,201.249,1,25,16777215,2025-04-18 19:13:59,55c2ea17,1827740445313172480
一时竟然分不清谁是厨师长,71.251,1,25,16777215,2025-04-18 18:51:51,1499b18b,1827729304126560256
翻译一下，想去吃雪豹不小心跑到小兵前面了,44.511,1,25,16777215,2025-04-18 18:49:53,68dd90bb,1827728315227131648
赖神：燃尽了,121.636,1,25,16707842,2025-04-18 18:43:35,fe1bcceb,1827725144316694016
熬隐:真的吗？,184.609,1,25,16777215,2025-04-18 18:43:31,1cfe97f9,1827725109679463680
小龙人：你好,185.729,1,25,16777215,2025-04-18 18:42:28,70982376,1827724576324009984
小龙人：果真吗,187.308,1,25,16777215,2025-04-18 18:42:02,726223d,1827724363353936384
呵呵哈哈哈哈哈哈哈哈哈哈哈哈哈哈哈哈哈哈和,159.266,1,25,16777215,2025-04-18 18:38:37,891314ee,1827722637372686336
你先别问逆风怎么来的,161.499,5,25,16777215,2025-04-18 18:38:06,e5084bf8,1827722384657570816
你猜队友是怎么陷入水火的 ,163.975,5,25,16777215,2025-04-18 18:37:07,2d037bb7,1827721881861107456
紧张了点下苍穹,113.129,1,25,16777215,2025-04-18 18:36:17,f874e4a,1827721470165092608
要是要是吃了血包再死就更完美了,47.77,1,25,16777215,2025-04-18 18:35:38,8b9b36f1,1827721141221997824
幽默老鼠,67.112,1,25,16777215,2025-04-18 18:35:32,7ad79dfe,1827721092023279872
小兵得了MVP,152.717,1,25,16777215,2025-04-18 22:56:10,3038a815,1827852273662408192
那我为什么不用圣诞老人（doge,225.271,5,25,8700107,2025-04-18 21:57:38,52ec0ce3,1827822807510907136
盲猜厨师长极限生存甚至反杀,37.556,5,25,16707842,2025-04-18 21:45:04,a7f45bc6,1827816482734975488
是“聊胜于无”哦,9.497,5,25,16777215,2025-04-18 20:25:57,c214bb8f,1827776660125622272
盲猜有人说巨人好评（）,98.861,1,25,16777215,2025-04-18 20:10:46,5fb9d45f,1827769025024408576
小龙人拖到捆结束不就好了,200.299,1,25,16777215,2025-04-18 19:43:44,48e23c3c,1827755418064203008
这公孙离出了不详吧，怎么这么硬,195.983,1,25,16777215,2025-04-18 19:09:18,b6a65903,1827738085648710656
每日反杀弟,76.676,5,25,16777215,2025-04-18 19:04:58,a912a2dd,1827735899912584448
巨人狂喜,99.029,1,25,16777215,2025-04-18 18:57:31,7ad7a037,1827732157175854848
英雄强度请勿上升至个人,130.111,1,25,16777215,2025-04-18 18:56:38,b43295c2,1827731707856685568
能,172.218,5,25,15138834,2025-04-18 18:48:54,caf81e23,1827727817689990912
破军神力,161.172,1,25,16777215,2025-04-18 18:41:59,6fcec37a,1827724339186500864
2488,160.775,1,25,16777215,2025-04-18 18:41:33,992fc2b6,1827724116820953856
千里送人头，礼轻情意重啊。,157.776,1,25,16777215,2025-04-18 18:40:18,80b6c27,1827723489411922688
吕布：呦呵,160.046,5,25,15138834,2025-04-18 18:39:39,83b1ee2c,1827723161258054656
至于为什么陷入水火，你别问,166.571,5,25,16707842,2025-04-18 18:39:38,25d0e942,1827723152332278016
巨人好评！！！,98.947,1,25,16777215,2025-04-18 18:38:30,68a81b71,1827722584180623616
不管你是谁从铁根身上出去,108.854,1,25,16777215,2025-04-18 18:37:18,95e97748,1827721976308239104
？？？剧本不是空大被反杀吗？？？,64.711,1,25,16777215,2025-04-18 18:37:18,3c36b58a,1827721976207544064
细节最后苍穹庆祝,115.191,5,25,16707842,2025-04-18 18:36:22,1825ec35,1827721506353332992
假设这波是弱化加苍穹的老夫子（Doge）,110.528,5,25,9487136,2025-04-19 06:57:20,22e48666,1828094451584113408
此时一阵强劲的音乐响起,97.245,5,25,41194,2025-04-19 02:39:40,901cee71,1827964761145534720
小兵致敬50块,152.94,1,25,16777215,2025-04-19 01:50:02,acae7ffd,1827939777271003648
这波故意送塔没被警告，不能理解,48.422,1,25,15138834,2025-04-19 00:32:29,66e6b9d4,1827900745958654208
我们扁鹊玩家依然没有皮肤买,9.18,5,25,16707842,2025-04-19 00:30:13,1774e724,1827899604579039744
想你了铁柱,211.426,1,25,16777215,2025-04-18 23:46:16,484ff82c,1827877487687083776
筷子砸塑料袋没绷住,19.401,1,25,16777215,2025-04-18 23:25:19,c5768598,1827866945219803392
这里老鼠懿一技能出bug了，空A由本体判定了,65.723,1,25,16777215,2025-04-18 22:54:06,1bd82c78,1827851234095447296
好久没有看到根er玩老头了，想当年根还是玩老头孙策达摩起家的,222.228,1,25,16777215,2025-04-18 21:57:00,bbe32faf,1827822493021613824
小龙人一个大加落地时间正好能把老头大招时间扛过去,192.971,1,25,16777215,2025-04-18 21:35:57,f91ca50b,1827811895214765568
赖神附体,113.418,1,25,16777215,2025-04-18 21:15:00,7c277486,1827801349669721344
钟馗试图拉老夫子躲劈,159.263,1,25,16777215,2025-04-18 19:49:17,159a156c,1827758208317035008
纯英雄强度，请勿上升至选手个人,110.39,1,25,16707842,2025-04-18 19:04:41,11d9b9d8,1827735759134885376
哈哈哈哈啊这 这个配音,211.73,1,25,16777215,2025-04-18 18:54:25,425f734c,1827730595066265088
一时竟然分不清谁是厨师长,76.531,5,25,16777215,2025-04-18 18:51:59,1499b18b,1827729368534457088
不是钻石夺宝吗,5.119,5,25,16646914,2025-04-18 18:46:29,405f40cc,1827726600729900544
不是有玉城大王子吗为什么射手还一个人带线,203.939,1,25,16777215,2025-04-18 18:40:29,ef0b906,1827723577786055936
我习惯功夫老勺了，其他哪个皮肤我都不习惯,26.32,5,25,15138834,2025-04-18 18:39:35,319887d3,1827723123752278272
高原三傻,217.531,1,25,16777215,2025-04-18 18:39:06,f18253ce,1827722880860483072
为什么陷入水火，你先别管,165.57,1,25,16777215,2025-04-18 18:38:58,e6110d0d,1827722817785855232
这…这不对吧,98.637,1,25,16707842,2025-04-18 18:38:57,6ac8eb6e,1827722807283584768
快跑！厨师长下毒了！！！,0.291,5,25,16777215,2025-04-18 18:38:53,bf096807,1827722776757796352
队友怎么陷入水火的你别问奥,166.552,1,25,16777215,2025-04-18 18:38:24,b075f012,1827722530912376064
确实挺不错的～,226.511,5,25,16777215,2025-04-18 18:38:03,f41cf879,1827722356160889088
吕布：单杀,160.695,5,25,15138834,2025-04-18 18:37:33,3a0f1262,1827722107094576384
反杀项羽不给看了,116.544,5,25,16777215,2025-04-18 18:37:10,f27d051e,1827721912630013440
666磕到甲沟炎了,73.52,1,25,16777215,2025-04-18 18:36:38,23425dfb,1827721639119538176
所以为啥要直接送？不能回城？,46.368,1,25,16777215,2025-04-18 18:36:16,6cac7d75,1827721460836995328
老头当年最猛的时候能干到85%的减伤,181.291,5,25,16777215,2025-04-19 09:17:01,128c894f,1828164753798354688
他自杀了,35.601,5,25,16777215,2025-04-19 07:05:50,b7d58dfc,1828098725495907584
边路有个零杠八的老头谁去处理一下,92.181,1,25,16777215,2025-04-19 00:36:44,c1ad3119,1827902886521376512
司马懿：策划！,72.595,1,25,16777215,2025-04-19 00:24:46,38e4f03,1827896862007729664
不提醒破坏游戏体验我不认可,48.201,1,25,16777215,2025-04-19 00:09:51,e228c02c,1827889353297413120
打开商店企图换名刀但手速不够,216.044,1,25,15138834,2025-04-18 23:08:37,d7dee366,1827858538626609152
要不是知道是铁根，我还以为在看夫赖视频呢,112.342,1,25,16777215,2025-04-18 23:01:24,d09a99ce,1827854904992083456
项羽二级为什么不开大招反杀,29.741,1,25,16777215,2025-04-18 22:43:13,3523ff7b,1827845749808395776
暗信不能无兵线拆塔，但是牢头能,142.059,1,25,16707842,2025-04-18 22:41:42,bc1d67ac,1827844986402907648
怀念铁柱的一天,211.39,1,25,16777215,2025-04-18 22:29:31,a72ee05d,1827838859758176768
爷青回，铁杆儿又玩上老夫子了,4.98,5,25,15138834,2025-04-18 22:10:41,3fa634b0,1827829374708262144
这波根细节拉满了,91.072,1,25,16777215,2025-04-18 22:07:19,653089da,1827827682558265088
小丑降临,68.036,1,25,6830715,2025-04-18 22:04:19,24a5a43,1827826171049031168
感觉真的可以给后撤步加个霸体，然后飞行途中没有霸体,76.631,1,25,16707842,2025-04-18 21:59:02,26142c07,1827823512824444928
什么话？,204.262,5,25,16707842,2025-04-18 21:48:57,a7f45bc6,1827818436307562240
老夫子大招结束了，小龙人大招还没结束，怎么飞不走了？,193.411,1,25,16777215,2025-04-18 21:47:02,65d7fb3e,1827817471785236224
公孙离602物抗，出肉了,196.197,1,25,16777215,2025-04-18 21:40:59,db7a975b,1827814427408905984
身陷敌阵，战而弥勇,96.339,5,25,15138834,2025-04-18 20:53:00,7fa9c4cc,1827790281093960960
正好技能结束,159.781,5,25,16777215,2025-04-18 20:38:29,f66bc187,1827782974197395200
公孙离：在我无限位移面前 你能摸得到我？,169.986,5,25,16707842,2025-04-18 20:26:10,58b9b8d8,1827776776232253440
所以是怎么0杠几的,123.091,5,25,41194,2025-04-18 20:00:46,94c8d1bf,1827763986230884096
谁家小铁根,210.129,5,25,16777215,2025-04-18 19:35:36,272493,1827751325539631872
铁根你变了  你说项羽克制老头的,31.0,1,25,16777215,2025-04-18 19:22:47,833629af,1827744867628605696
你是否在找鲁班,37.86,1,25,16707842,2025-04-18 19:06:43,f04c064e,1827736787293019904
你在这种情况下，你有那么大的心脏，说不点苍穹，免一下伤，幽默幽默人,114.551,1,25,16777215,2025-04-18 19:04:32,cc758389,1827735681187749376
好多人啊,18.616,1,25,15138834,2025-04-18 18:57:15,e46dab54,1827732020458683136
细节苍穹助兴,113.433,1,25,16777215,2025-04-18 18:55:03,42dda79,1827730907885886720
队友陷入水火：指人头差全在铁根的负战绩上,164.42,5,25,15138834,2025-04-18 18:50:36,f2ebf155,1827728672531346944
赖不群：你也是舒服流老夫子？,127.032,5,25,41194,2025-04-18 18:50:16,18efd2c6,1827728506336500992
问题来了，水火哪儿来的？[doge],164.758,5,25,15138834,2025-04-18 18:49:36,7a481c1a,1827728172243469568
苍穹刚买出来啊,113.22,1,25,16777215,2025-04-18 18:49:15,3a541d78,1827727993851272960
好眼熟的蓝色猫头盾,21.783,1,25,16777215,2025-04-18 18:49:00,725b3309,1827727867065238528
阵容强度和人与英雄无关。,106.293,1,25,16777215,2025-04-18 18:48:57,47a7394b,1827727838997086464
《牢话》,204.908,5,25,15138834,2025-04-18 18:48:44,99c360fa,1827727735314456832
祖师爷单杀宗门弟子,93.003,1,25,15138834,2025-04-18 18:44:36,cc2f4ece,1827725656088792576
2杠7：队友陷入水火,163.676,1,25,16777215,2025-04-18 18:43:22,f2ebf155,1827725028998134528
羡慕小兵,147.874,5,25,15138834,2025-04-18 18:41:46,f6af4c47,1827724223364960768
怎么陷入水火你别管,163.858,1,25,16777215,2025-04-18 18:39:53,166c20ef,1827723277892715264
铁根玩的项羽 ,35.012,1,25,16777215,2025-04-18 18:39:27,fe1bcceb,1827723058967318272
狂炫两口,162.491,1,25,16777215,2025-04-18 18:39:02,3c36b58a,1827722854561663744
苍穹壮胆！,116.68,5,25,15138834,2025-04-18 18:38:51,c3b862a9,1827722760592343040
他简直像个战神！,103.271,1,25,16777215,2025-04-18 18:38:27,350d9956,1827722559609967616
错啦，是高配版圣诞老人,30.372,5,25,16777215,2025-04-18 18:38:24,e55eb77,1827722528429339136
怎么陷入水火的你是一点不说（doge）,163.83,5,25,16777215,2025-04-18 18:38:21,a63b71cc,1827722506853920256
巨！,98.635,5,25,16777215,2025-04-18 18:38:00,5f91a512,1827722331607547136
这就是铁根吗？太夸张了，瞬间1万人。,115.202,1,25,16777215,2025-04-18 18:37:52,6b86dc38,1827722259474007296
2-7你猜怎么陷入的水火（doge）,163.042,1,25,16777215,2025-04-18 18:37:29,8d5fa06c,1827722067945021952
666磕到甲沟炎了,67.261,1,25,15138834,2025-04-18 18:37:16,c866f568,1827721959388498944
陌生,90.131,1,25,16777215,2025-04-18 18:37:01,e1a54769,1827721838047511552
司马懿招笑大招,76.886,1,25,16777215,2025-04-18 18:36:38,5cd59fe7,1827721643389668352
司马懿：王者荣耀设计师!,70.2,5,25,15138834,2025-04-18 18:35:53,10c0eb87,1827721262211380992
没吃血包，不够完美,50.809,1,25,16777215,2025-04-18 18:35:45,249bd0e3,1827721196771821568
这不吃个血包？,48.562,5,25,14811775,2025-04-18 18:35:43,e3ad4550,1827721179096657920
听说来的早发什么都能火,0.491,5,25,16777215,2025-04-18 18:34:43,c456ce3b,1827720677097529088
终于把玩上了！,88.965,1,25,16777215,2025-04-19 10:30:47,cd1c4194,1828201879981723904
武器大师,142.571,1,25,16777215,2025-04-19 07:25:39,c407e446,1828108698636763648
铁跟以前就是玩老夫子的,66.351,1,25,16777215,2025-04-19 07:03:49,112f21eb,1828097712889894400
残血扔大能飞出去，卡时间有一段能飞时候,194.765,1,25,16777215,2025-04-19 06:57:29,39cfe446,1828094525311402496
不是？根er什么时候能大中人了？,64.521,5,25,15138834,2025-04-19 06:50:44,a7a83d48,1828091125114770688
把玩限时返场,88.802,5,25,15138834,2025-04-19 06:05:49,dfc99fa0,1828068515770012928
老夫子：没事我还有僵尸,48.108,1,25,16777215,2025-04-19 04:01:53,a930608,1828006141587212544
优先级最高的一技能,90.184,1,25,16777215,2025-04-19 02:56:11,3505f190,1827973077804307200
后仰跳投,71.689,5,25,41194,2025-04-19 02:38:42,901cee71,1827964271217088000
潮流仙人不是直售？,7.895,4,25,41194,2025-04-19 02:03:35,8cd5509f,1827946595698931456
展示容错,56.387,5,25,41194,2025-04-19 02:02:15,69e628b1,1827945930289401344
小亮皮肤,218.898,1,25,16777215,2025-04-19 01:32:32,dc6d559b,1827930974240563712
=、、、、、、,168.421,1,25,16777215,2025-04-19 01:23:45,f03c9cda,1827926547479755008
我是法师小兵，泉水有炮兵，你让我抗伤害？,148.672,1,25,16777215,2025-04-19 01:13:29,4595d953,1827921379879295232
盘古:你好,203.846,1,25,16777215,2025-04-19 00:59:15,9ee9affc,1827914220654714880
我要吃~~饭！,119.784,1,25,16777215,2025-04-19 00:26:15,38e4f03,1827897607645929984
你是否在寻找无敌鲨嘴炮,38.491,5,25,16777215,2025-04-19 00:19:53,16ded6c9,1827894407593072640
饭里下毒了,64.824,5,25,16776960,2025-04-19 00:02:24,9ea47f4b,1827885607481853952
《高原三饱》,217.409,1,25,16777215,2025-04-18 23:20:48,742e6c1b,1827864664492171776
老夫子一个大换一个龙人大我寻思也不亏，cd差挺多吧,200.979,1,25,16777215,2025-04-18 23:19:13,b3ae88d3,1827863872733256192
这集不对劲啊？？,134.14,5,25,15138834,2025-04-18 23:04:44,e327c449,1827856584467520256
哥们你头上是个小亮老师？？？,124.913,5,25,16707842,2025-04-18 22:54:26,e5e31331,1827851399703639552
一技能不会拉，拉出来死了,178.371,1,25,16777215,2025-04-18 22:42:34,f32b6c14,1827845425102243072
爷的青春回来了,108.251,1,25,16777215,2025-04-18 22:20:14,4dc7eb3f,1827834184501784320
陌生,113.856,1,25,16777215,2025-04-18 22:05:40,c7509518,1827826851063188736
我靠！楚哥！！,68.889,1,25,16777215,2025-04-18 21:59:48,fbad6d8a,1827823896150796800
铁哥是不是忘了自己也是玩项羽的？,92.32,1,25,16707842,2025-04-18 21:53:47,e9ae378e,1827820874138033408
盘古暗信亚连:？？？,204.803,1,25,16777215,2025-04-18 21:39:06,94efc4da,1827813477826822400
赖神顶号了,108.386,1,25,16777215,2025-04-18 21:38:03,872238eb,1827812951131385856
我能母鸭！,32.085,5,25,15138834,2025-04-18 21:33:08,a417fec2,1827810477196671744
铁根终于跟新老夫子视频了！！！,0.0,1,25,16777215,2025-04-18 21:25:33,e0c2316b,1827806664112465664
推荐闪现吃血宝,46.877,1,25,16777215,2025-04-18 21:16:06,48b8bd6e,1827801903828978688
我还以为要一闪,32.107,1,25,16777215,2025-04-18 21:05:00,da12d2c1,1827796317167251712
怎么是T7小曲,177.543,1,25,16777215,2025-04-18 20:55:47,e2f8c07,1827791680347788800
影：？？？,140.968,5,25,16707842,2025-04-18 20:26:31,284abb9e,1827776952837784832
这样送塔不会被清汤大老爷禁言吗,43.477,1,25,16777215,2025-04-18 20:25:47,dcd257aa,1827776583445166592
差的人头正好是铁根kd差,170.472,1,25,16777215,2025-04-18 20:20:28,54b0462d,1827773903981008384
一眨眼就是0-4了啊，很快啊,121.665,1,25,16777215,2025-04-18 20:14:08,a38bd888,1827770719103678976
赖神快把手机还给铁根,111.424,1,25,16777215,2025-04-18 20:13:41,ea3a7cb4,1827770489381125888
空屏占领大队开餐了,5.5,1,25,15138834,2025-04-18 20:09:59,bb786c4b,1827768628175860992
铁根不剪那些阵亡镜头，专门下毒是吧，淦,144.098,5,25,41194,2025-04-18 20:01:58,94c8d1bf,1827764593607985408
有对面小兵卡着 你刚才直接把对面小兵拉回去就好了,156.008,1,25,16777215,2025-04-18 19:52:12,49576f3f,1827759673462582272
陌生，铁根又拿别人素材,107.595,1,25,16777215,2025-04-18 19:45:27,17a83b22,1827756274961037056
热成像の小曲,170.381,1,25,16777215,2025-04-18 19:36:52,86da059d,1827751954852720640
51分钟前,222.577,1,25,16777215,2025-04-18 19:25:27,1819fd25,1827746209973462528
这不算故意送塔，我不理解,40.974,1,25,16777215,2025-04-18 19:04:59,85801433,1827735908343211264
这就是夫赖,120.12,1,25,16777215,2025-04-18 19:03:19,53a02ff3,1827735069859755520
匹配，肯定是匹配,98.011,1,25,16777215,2025-04-18 19:01:30,5a4490c2,1827734154956291328
pgone来了,72.197,1,25,16777215,2025-04-18 19:00:31,4f4af20a,1827733660901271808
我去，这名字,62.622,1,25,16777215,2025-04-18 18:59:46,90f7c583,1827733289629409280
圣诞礼包～,19.748,5,25,16777215,2025-04-18 18:58:39,4f41263c,1827732720437073664
墨子：听说你单挑很强？,206.091,1,25,16777215,2025-04-18 18:58:14,30610881,1827732511745425920
你是谁  铁根呢,105.6,1,25,41194,2025-04-18 18:57:46,e96d998a,1827732276302673664
《给这个残血吕布杀了吧》,159.539,5,25,16707842,2025-04-18 18:54:57,1c646926,1827730859827616512
没吃到血，不完美,50.922,1,25,16777215,2025-04-18 18:54:17,c537e1b8,1827730526010832128
小龙人捆起来也飞不走啊?,188.985,1,25,16777215,2025-04-18 18:52:20,23173570,1827729547270296832
哈哈哈哈 啊这,76.596,1,25,16777215,2025-04-18 18:51:44,425f734c,1827729240658344960
招笑老鼠,77.731,5,25,15138834,2025-04-18 18:47:26,b013dcff,1827727080784316160
有1.3万人在享受国宴,202.466,1,25,16777215,2025-04-18 18:47:15,6aeee81d,1827726984239789568
不应该空大吗？,49.192,5,25,41194,2025-04-18 18:46:59,caf81e23,1827726849510339840
宇智波奶昔,31.579,1,25,16777215,2025-04-18 18:46:05,34e1e992,1827726402968278784
刚好外卖到了,22.2,1,25,15138834,2025-04-18 18:45:07,a3f5feab,1827725915229747200
盘古：我不信,208.573,1,25,16777215,2025-04-18 18:44:32,275c20e1,1827725615672413952
这没被系统警告？,55.584,1,25,16777215,2025-04-18 18:43:29,196b4a0e,1827725093146121472
项羽：让我大招放出来不就炸了吗？,90.868,5,25,15138834,2025-04-18 18:42:39,c67e034f,1827724673472190976
老婆？,224.002,1,25,16777215,2025-04-18 18:41:58,aa0f07a4,1827724327316138496
盘古:？,141.142,1,25,15138834,2025-04-18 18:41:57,4ab1381f,1827724321091898880
招牌菜,0.611,1,25,16777215,2025-04-18 18:40:55,ab4b338c,1827723801669202432
确实挺不错的,224.918,5,25,16777215,2025-04-18 18:40:36,83e5002f,1827723642235566080
我嘞个原皮墨子啊,142.512,5,25,16777215,2025-04-18 18:40:33,f0f6312b,1827723613747316480
1.5万人都出来吧。,124.544,1,25,15138834,2025-04-18 18:40:26,fcfdac41,1827723556998893312
龙帝の小曲,169.211,1,25,16777215,2025-04-18 18:40:18,79160703,1827723484815001088
至于队友怎么陷入水火的你别管,165.352,1,25,16777215,2025-04-18 18:40:00,45ecbf5e,1827723340119884544
小龙人被捆了就稳定少个输出点和保命技能,206.21,1,25,16777215,2025-04-18 18:39:48,555367be,1827723233811015936
确实不咋滴,220.608,1,25,16777215,2025-04-18 18:39:34,9e37ce81,1827723120573266176
铁根老头竟然不是满熟练度，泪目了多久没玩老头了（）,39.411,5,25,16707842,2025-04-18 18:39:26,b482bab5,1827723048716113408
确实挺不错的,221.853,1,25,16777215,2025-04-18 18:39:24,f8c95310,1827723036326499584
哎哟你干嘛哎哟你干嘛,73.972,1,25,16777215,2025-04-18 18:38:48,96bd396f,1827722731391642880
吃饱了,159.351,1,25,16777215,2025-04-18 18:38:44,988d5023,1827722699062010368
这才对嘛,161.32,1,25,16777215,2025-04-18 18:38:31,c6fbd541,1827722594188068864
敖隐：是吗？,184.668,5,25,15138834,2025-04-18 18:38:30,6a47ecf9,1827722583291272704
我嘞个巨人啊,115.187,1,25,16777215,2025-04-18 18:38:28,3c8af9b3,1827722564425039616
至于为什么陷入水火，别管,165.891,5,25,16777215,2025-04-18 18:38:23,ce557b7c,1827722520175385344
对味了,159.515,1,25,16777215,2025-04-18 18:38:20,95e97748,1827722497953731840
哈哈哈哈哈哈哈,152.994,1,25,16777215,2025-04-18 18:38:17,891314ee,1827722469776635904
怎么水火的你别管,168.84,1,25,16777215,2025-04-18 18:38:16,f69f19b,1827722462134169088
紫色心情是这样的,74.39,5,25,15138834,2025-04-18 18:38:08,c616241c,1827722400377842432
切菜的感觉,29.187,1,25,16777215,2025-04-18 18:38:04,9e58283f,1827722364683662336
你回拉一下对面小兵不就行了,155.091,5,25,15138834,2025-04-18 18:37:56,404aa85a,1827722299747459840
根根，饿饿，饭饭,127.487,1,25,16777215,2025-04-18 18:37:55,505f3f89,1827722287374786048
幽默老鼠,69.193,1,25,16777215,2025-04-18 18:37:38,36cd4f95,1827722143141041664
苍穹壮胆,115.76,1,25,16777215,2025-04-18 18:37:35,d558023f,1827722121942548224
《零杠四杠零》,119.138,1,25,16777215,2025-04-18 18:37:34,842fe26d,1827722109091615488
0/4…,119.811,1,25,16777215,2025-04-18 18:37:30,e464848b,1827722076560611584
雅典娜…,120.197,1,25,16777215,2025-04-18 18:37:28,e0daa8ab,1827722065101806848
饭里有毒,107.787,1,25,16777215,2025-04-18 18:37:27,ceb83382,1827722054515011584
？？？？？？？,116.349,5,25,15138834,2025-04-18 18:37:20,94f85bbb,1827721998311139072
队友：老夫子别送,51.943,5,25,15138834,2025-04-18 18:36:54,c3b862a9,1827721774830420224
2分钟,1.12,1,25,16777215,2025-04-18 18:36:50,fc26d58e,1827721744497437952
根根，饿饿，饭饭,93.496,1,25,16777215,2025-04-18 18:36:45,436fa564,1827721700062620672
大闪居然没有空,64.803,1,25,16777215,2025-04-18 18:36:42,45ecbf5e,1827721678386910464
欲吃无果,53.399,1,25,16777215,2025-04-18 18:36:26,25e4c341,1827721539320751872
来得最早的一回,77.705,1,25,16777215,2025-04-18 18:36:26,2881cd5b,1827721538725105408
幽默老鼠,68.424,1,25,16777215,2025-04-18 18:35:56,48d825bf,1827721291638672384
每日司马懿笑话一则,75.095,1,25,16777215,2025-04-18 18:35:52,80b92912,1827721260205953792
幽默老鼠懿,74.611,5,25,15138834,2025-04-18 18:35:31,1825ec35,1827721079012615168
0-4,120.616,1,25,16777215,2025-04-18 18:35:27,9bba015b,1827721049509991680
幽默老鼠人,69.338,1,25,16777215,2025-04-18 18:35:26,fb2b5030,1827721035299507968
刚好要开饭了,15.291,1,25,16777215,2025-04-18 18:35:26,9f2b2aeb,1827721034888626176
不闪现吃雪豹不是很认同,50.051,1,25,16777215,2025-04-18 18:35:24,4e73d30d,1827721018824109824
低配版圣诞老人,25.761,1,25,15138834,2025-04-18 18:35:12,ab223156,1827720920082113536
反杀海月不给看,75.14,1,25,16777215,2025-04-18 18:35:04,bfff9656,1827720853065469184
零分钟，吃上热乎的了,0.651,1,25,16777215,2025-04-18 18:35:01,da8283a5,1827720824711634688
一分钟前,24.864,1,25,16777215,2025-04-18 18:34:58,2035d552,1827720799973415168
秒吃,1.066,5,25,16777215,2025-04-18 18:34:32,1ecda4e,1827720583900162560
秒吃,10.411,1,25,16777215,2025-04-18 18:34:12,9f3feb08,1827720418962865664
饭里有毒,104.733,1,25,16777215,2025-04-19 10:40:06,bae201f8,1828206567091812864
蒙恬,208.876,1,25,16777215,2025-04-19 10:39:47,566ba86a,1828206412170932224
我无处不在,74.393,1,25,16777215,2025-04-19 10:32:45,51837978,1828202874099396864
双buff的司马懿被顶着野区保护机制杀了是吗,69.423,1,25,14811775,2025-04-19 10:29:43,d4ca1d34,1828201343094620928
砍猴的小曲,115.778,1,25,16777215,2025-04-19 10:29:33,ab88c161,1828201263645395968
那你猜猜哪吒能不能这么玩？,125.636,1,25,16777215,2025-04-19 10:27:43,c2de1658,1828200334481352704
来人！砸了他的音响！,98.428,1,25,16777215,2025-04-19 10:26:45,124c486c,1828199854023931904
无零充不荣耀,224.562,1,25,16777215,2025-04-19 10:25:16,169c845f,1828199101977257984
水晶不妙曲 暗信小曲,171.46,1,25,16777215,2025-04-19 10:23:29,9d13cf3c,1828198207449717760
宇几哈哪一西！！（宇智波反弹）,35.911,5,25,16777215,2025-04-19 10:21:48,6b2c775,1828197358153335296
那我上夏侯惇你不废了嘛,95.871,5,25,16777215,2025-04-19 10:16:21,ef6cdf05,1828194621512024576
小兵：防御塔伤害会越来越高，优先让英雄承受防御塔伤害,151.814,1,25,16777215,2025-04-19 10:14:39,18969d17,1828193764674624512
这就是巨人之力,105.841,1,25,16777215,2025-04-19 10:13:42,d4fa33a8,1828193281071776768
如果拉个凯会怎么样？,190.2,5,25,15138834,2025-04-19 10:11:21,fd7cdd44,1828192099704083456
尿检,106.36,1,25,16777215,2025-04-19 10:02:22,1171e56a,1828187578990859520
貂蝉、元坦、墨子：听说你单挑很强,200.029,1,25,14811775,2025-04-19 09:58:05,3b702765,1828185424326686208
西施、刘禅、不知火舞、元坦：啊对对对,92.011,5,25,41194,2025-04-19 09:55:22,3b702765,1828184060271804416
铁柱,215.784,1,25,16777215,2025-04-19 09:54:34,a442473f,1828183650261330176
以前遇到刘禅的时候你也是这么说的[doge],59.835,5,25,38979,2025-04-19 09:54:09,3b702765,1828183447995897856
刘禅何在？！（看往期视频铁根老头被刘禅揍）,4.578,5,25,9487136,2025-04-19 09:52:43,3b702765,1828182725401145600
不好，饭饭里有毒,103.707,1,25,16777215,2025-04-19 09:52:24,a442473f,1828182564137938432
被夺舍了？？,120.231,1,25,16777215,2025-04-19 09:46:14,67eb488c,1828179462551275520
虎符咒,161.619,1,25,15138834,2025-04-19 09:35:17,6a67b2be,1828173949390518784
反击风暴,86.541,1,25,15138834,2025-04-19 09:31:19,c2ec6d96,1828171947339621888
答辩の小曲,174.951,1,25,16777215,2025-04-19 09:24:48,47aa8ce7,1828168668970898176
凭啥大招能被打断就幽默？,77.067,1,25,16777215,2025-04-19 09:24:41,3d10782e,1828168613044455936
还是喜欢触发被动噔噔蹬的感觉,44.83,1,25,16777215,2025-04-19 09:22:38,3efdc432,1828167584131532032
逐花归海？,23.982,1,25,16777215,2025-04-19 09:19:03,3954688f,1828165778315183104
后裔拿头站撸老夫子啊？,195.039,1,25,16777215,2025-04-19 09:16:42,4b729179,1828164595135562240
SSVGG,62.901,1,25,16777215,2025-04-19 09:14:35,318a36da,1828163531057456896
老头儿二技能在手就是无敌的。,106.36,1,25,16777215,2025-04-19 09:12:07,1ae2c69b,1828162287631437056
反弹神力,34.92,1,25,16777215,2025-04-19 09:09:50,31da5f0b,1828161138903516672
所以为什么不用圣诞老人,27.833,1,25,16777215,2025-04-19 09:06:26,5bca3ac7,1828159430034955008
越听越像澜的逐花归海的强普声,26.835,1,25,16777215,2025-04-19 09:04:43,2d846123,1828158565664410368
但龙人大招拉满有六点五秒无法选中,193.908,1,25,16777215,2025-04-19 09:04:18,52a4957d,1828158349313862144
这个皮肤使老头子长高了,20.699,1,25,16777215,2025-04-19 08:59:24,d3342685,1828155884413481216
只能靠你做饭了,166.355,1,25,16777215,2025-04-19 08:56:12,438cff82,1828154279329506560
进击的巨人,102.52,1,25,16777215,2025-04-19 08:55:49,555da40,1828154087196709888
没吃血包，血亏,51.328,5,25,15138834,2025-04-19 08:52:55,72bcc050,1828152621128107776
整了个狐主任,221.741,1,25,16777215,2025-04-19 08:46:55,bfd3b470,1828149607520743168
成型的老头是这样的，根本打不动,118.575,1,25,16777215,2025-04-19 08:44:26,4ff15118,1828148352870168064
苍穹跑路用是吧？,115.639,1,25,16777215,2025-04-19 08:44:14,4ff15118,1828148251871337984
重大失误，血包没吃到,51.519,1,25,16777215,2025-04-19 08:39:13,661dff4b,1828145727898400000
哈哈哈哈哈,166.42,1,25,16777215,2025-04-19 08:39:01,d88d12da,1828145629390659840
东皇？,203.298,1,25,16777215,2025-04-19 08:33:59,18ee2683,1828143090813868800
有卡莫纳人吗？,175.144,1,25,16777215,2025-04-19 08:32:55,786c667,1828142558841441792
纯净是老头的核心装,137.905,1,25,16777215,2025-04-19 08:31:22,5c6cb4fd,1828141778038665472
好家伙，难崩那还不如圣诞老人,21.621,5,25,16707842,2025-04-19 08:30:16,92feb4c2,1828141223643810048
哪有积分夺宝，那不是白送的吗？,10.894,5,25,16707842,2025-04-19 08:29:58,92feb4c2,1828141073705902848
暗信：哦哟？尊嘟假嘟？,205.971,1,25,16777215,2025-04-19 08:29:04,5d520d25,1828140620284905984
幽默法师大招,71.988,5,25,6830715,2025-04-19 08:25:26,c9aba501,1828138793413858304
说狂铁技能全打免伤上的，你们是不知道老夫子红怒状态二技能基本不断吗？,141.397,1,25,16777215,2025-04-19 08:24:23,8e4c8c2c,1828138260661096448
像扇人家嘴巴子的声音,23.871,1,25,16777215,2025-04-19 08:24:12,9a67dba7,1828138166725520640
你是不是想说，你能拖住这波我吃翔，打断吟唱,181.378,1,25,16777215,2025-04-19 08:15:38,7d5a8da1,1828133858529571328
巨人,103.316,1,25,16777215,2025-04-19 08:15:32,9c8b99d7,1828133809808924160
立体机动装置小曲！！！,110.475,1,25,16777215,2025-04-19 08:15:18,9c8b99d7,1828133688249671424
啊,52.141,1,25,16777215,2025-04-19 08:13:10,8e92a8b9,1828132617854655744
6000+,19.935,1,25,16777215,2025-04-19 08:10:30,c525edb2,1828131271240030976
老夫子一个大换龙人一个大，那得看什么时候啊，如果是打团的时候，老夫子开到龙人了，那就好了队友一波伤害跟上给打不到,206.107,1,25,16777215,2025-04-19 08:10:21,39572be,1828131198116328448
这下舒服了,164.744,5,25,15138834,2025-04-19 08:07:26,241b1890,1828129733951441152
遮瑕舒服了,160.99,5,25,15138834,2025-04-19 08:07:16,241b1890,1828129650300582400
让暗信来直接打爆他。,205.418,1,25,16777215,2025-04-19 08:07:06,f400aaa8,1828129566121160960
陌生,112.932,5,25,16777215,2025-04-19 08:06:30,241b1890,1828129260951436288
成夫赖了,114.224,5,25,16777215,2025-04-19 08:06:09,241b1890,1828129081796251904
确实2-0的，我打不过对面的芈月,128.351,1,25,16777215,2025-04-19 07:56:00,8068cf52,1828123975508242432
2-6-7,139.52,5,25,16777215,2025-04-19 07:55:03,fef7f295,1828123500419414016
太陌生了,119.461,1,25,16777215,2025-04-19 07:51:56,8d59cf32,1828121931179239424
ADC怎么有胆走到一个超前发育的上单脸上的,105.611,1,25,16777215,2025-04-19 07:51:38,3294d560,1828121776476108544
陌生,105.672,1,25,16777215,2025-04-19 07:51:35,8d59cf32,1828121757627331840
65%还不高啊？要不要给你100%减伤啊,84.498,5,25,16707842,2025-04-19 07:51:13,851d4c5c,1828121566996133632
那个船长的手感最好。个人感觉,22.631,1,25,16777215,2025-04-19 07:49:50,3294d560,1828120876235935488
德华附体,128.855,5,25,16777215,2025-04-19 07:47:38,5e1188,1828119766322773504
这个皮肤开二技能时有踩雪的声音,83.202,5,25,16777215,2025-04-19 07:46:11,5e1188,1828119033351305984
？我是来看这个的,110.854,1,25,16777215,2025-04-19 07:41:30,695edefd,1828116675061955840
为什么哪里都有三国杀的人,136.751,1,25,16777215,2025-04-19 07:41:15,82a74304,1828116555490370048
这饭有毒,102.767,1,25,16777215,2025-04-19 07:38:17,55d382c1,1828115055867811072
to女魔射展示神力,170.461,1,25,16777215,2025-04-19 07:34:52,70852f6f,1828113338652210432
还能有机会多a 这才是最重要的二技能 ,86.171,1,25,16777215,2025-04-19 07:33:01,38bd69b9,1828112408070798336
握草 王唯楚对吗,72.497,1,25,16777215,2025-04-19 07:31:21,69bdaba1,1828111567985168128
还是船长更有性价比,223.084,5,25,16777215,2025-04-19 07:29:10,c7648e6c,1828110473833968896
这下对味了,162.839,1,25,16777215,2025-04-19 07:27:42,73fa3904,1828109732893395968
？11,173.16,1,25,16777215,2025-04-19 07:26:42,3e0f22fa,1828109230172483584
高级飞行物（确信）,74.2,1,25,16777215,2025-04-19 07:25:39,7602afd3,1828108703543360768
绷不住了,70.836,1,25,16777215,2025-04-19 07:18:36,976dbd4f,1828105151035617536
饭里有下毒了？,120.3,1,25,16777215,2025-04-19 07:05:56,5592a8de,1828098776691779584
老头还是太超标了，攻速流半肉再叠个16的吸血没三个人是杀不死的。,116.771,1,25,16777215,2025-04-19 07:01:56,34e87b14,1828096760942356992
盘古怎么样？,203.188,1,25,16777215,2025-04-19 06:57:32,2018f674,1828094547708731392
细节2-7,160.199,5,25,16707842,2025-04-19 06:57:09,72ffc552,1828094356465423360
盘古,95.667,1,25,16777215,2025-04-19 06:55:32,2018f674,1828093542611079680
逆风的小曲,164.129,1,25,16777215,2025-04-19 06:55:03,72ffc552,1828093296564743168
你就说潮流仙人是不是直售吧,16.291,1,25,16777215,2025-04-19 06:52:16,623b4739,1828091902781100544
这公孙离像我队友，后期连续掉点,201.611,1,25,15138834,2025-04-19 06:47:27,3e162492,1828089471946981632
？？？？？,116.4,5,25,15138834,2025-04-19 06:32:50,f264f66,1828082119977653504
这就是后期配音的自信吗,40.685,1,25,41194,2025-04-19 06:21:27,4e330193,1828076388881027584
这项羽是人玩的吗,37.209,1,25,16777215,2025-04-19 06:16:17,59445ad7,1828073789679292416
暗信经济差1000也照样打,121.753,1,25,16777215,2025-04-19 05:50:23,a5e7a3db,1828060751223926272
西西域狐族第一高手,0.5,1,25,15138834,2025-04-19 05:48:46,599b64fc,1828059939801849344
铁根被谁附身了？,114.58,1,25,16777215,2025-04-19 05:46:46,89aec2c9,1828058935383494912
密码！,72.766,1,25,16777215,2025-04-19 05:36:51,e09fa710,1828053942861428480
出反甲两个都得死,184.371,5,25,15138834,2025-04-19 05:01:05,f0092008,1828035939440723968
不对味啊,115.811,1,25,16777215,2025-04-19 04:51:10,b55dbde0,1828030947674179840
超强免伤,110.531,1,25,16777215,2025-04-19 04:20:06,62e0d695,1828015313565026304
陌生,71.531,1,25,16777215,2025-04-19 04:19:22,62e0d695,1828014938476803072
关羽不怕老夫子,88.287,1,25,16777215,2025-04-19 04:17:51,7de6f472,1828014178578374912
还有圣诞活动,5.255,1,25,16777215,2025-04-19 04:16:40,1a5f0c94,1828013585805871104
才发现五百多万粉啦,3.797,1,25,16777215,2025-04-19 04:16:28,83df93a8,1828013480712782336
西八里塞高塞高,99.347,5,25,15138834,2025-04-19 04:12:50,478be873,1828011656895096064
，,12.52,1,25,16777215,2025-04-19 04:04:07,437695a3,1828007262162147072
后羿后期直接站撸,190.388,1,25,16777215,2025-04-19 04:03:24,a0c9a90a,1828006902996060672
幽默老鼠人,72.96,1,25,16777215,2025-04-19 03:58:14,619ba35f,1828004306318529024
感觉是炸胡,47.181,1,25,16777215,2025-04-19 03:56:02,22d7bf3d,1828003194467864320
那我问你,169.483,1,25,16777215,2025-04-19 03:52:28,86934d22,1828001400421269248
没坐,119.451,1,25,16777215,2025-04-19 03:35:49,20993aaa,1827993022181878528
跟磊哥学的是吧,53.071,1,25,15138834,2025-04-19 03:32:03,f0a2795e,1827991129225380608
我只喜欢蹦老头,224.83,1,25,16777215,2025-04-19 03:31:15,c788c74b,1827990726312122368
大招期间无敌的老夫子捆完结束的那一刻，影刚好可以往后面飞,193.42,1,25,16777215,2025-04-19 03:19:38,a9c25eaf,1827984877841383168
讲个笑话，3级狂铁没打过我3级半血老夫子,128.26,1,25,15138834,2025-04-19 03:09:33,fba8089a,1827979805325442816
热成像在哪里,167.001,1,25,16777215,2025-04-19 02:59:31,3988defb,1827974752329913344
比起暗信唯一的不足看的就是被人追跑掉的可能更小,143.521,1,25,16777215,2025-04-19 02:57:28,3505f190,1827973718081883136
藏狐？,21.378,5,25,16777215,2025-04-19 02:54:58,bb157d9,1827972463330421760
陌生,116.891,5,25,15138834,2025-04-19 02:54:29,d2cf79f7,1827972216798230016
我辅助全肉空空儿满血单杀满血老夫子。。。。,83.729,1,25,16777215,2025-04-19 02:51:19,e9fd0bf3,1827970625135358720
敖隐：欠我0.5秒，记得还,190.177,1,25,16777215,2025-04-19 02:45:22,41203474,1827967627122279424
？,3.837,1,25,16777215,2025-04-19 02:43:36,3597cce4,1827966744749276928
电子游戏谈手感 笑死,206.871,1,25,16777215,2025-04-19 02:41:08,27a69509,1827965502254456576
我过星期打开手机一看，直接就给拿下,226.335,1,25,16777215,2025-04-19 02:37:43,6cd565fa,1827963778697043200
都不知道多少年没见根玩老头了,0.0,5,25,16777215,2025-04-19 02:35:29,8f96f86f,1827962657760918528
^_^,231.0,1,25,16777215,2025-04-19 02:35:02,667c3951,1827962431956598016
对面出个盘古就老实了。,216.611,1,25,16777215,2025-04-19 02:33:17,1b852b77,1827961550128922880
紧跟时事,150.444,1,25,16777215,2025-04-19 02:25:18,8db12372,1827957526449233408
高昂的自由之翼  进击的父子之心,113.448,5,25,15138834,2025-04-19 02:24:18,8017f304,1827957025339001600
那怎么陷入水火的呢,165.339,1,25,16777215,2025-04-19 02:24:04,5ae555b3,1827956910406946560
那0-4怎么来的呢,129.62,1,25,16777215,2025-04-19 02:23:20,5ae555b3,1827956540150178304
看不懂,53.131,1,25,16777215,2025-04-19 02:23:17,a21d4e97,1827956513827387136
不是，谁又玩up手机，快还给他,114.45,1,25,16777215,2025-04-19 02:22:56,5ae555b3,1827956337238521856
手感太轻,224.895,1,25,16777215,2025-04-19 02:21:34,831f8ce2,1827955655294768896
我看了赖神后才喜欢玩老头,218.379,1,25,16777215,2025-04-19 02:21:06,831f8ce2,1827955414248160768
？,64.502,1,25,16777215,2025-04-19 02:19:44,7d6a3847,1827954728026961920
3000+正在享受国宴,32.477,1,25,16777215,2025-04-19 02:15:11,e544553b,1827952434354459136
这皮肤跟圣诞老人的获取难度根本不是一个量级,222.271,1,25,16777215,2025-04-19 02:10:46,c2b8eddd,1827950214251281664
稷下三贤庄周怎么还叛变了（bs,143.45,5,25,16777215,2025-04-19 02:09:28,ad52aa42,1827949561608718592
玩老婆？？,222.953,5,25,16707842,2025-04-19 02:06:58,69e628b1,1827948305531968768
狄仁杰（幸运分审判官）：这把老夫子陷入水火,164.064,5,25,15772458,2025-04-19 02:05:33,69e628b1,1827947592743771904
不好…饭里有毒！！,101.767,5,25,41194,2025-04-19 02:03:24,69e628b1,1827946510437162240
0|4有点意思,118.529,1,25,16777215,2025-04-19 01:45:19,6be91233,1827937403671921920
太乙真人退出了直播间,15.78,5,25,16777215,2025-04-19 01:44:19,ae61f38c,1827936904877316864
坠机了,67.262,1,25,16777215,2025-04-19 01:31:20,749d3554,1827930367651586304
哈哈哈哈哈,162.571,1,25,16777215,2025-04-19 01:16:56,fa89052b,1827923119441599744
拿李信随便打老夫子,143.645,1,25,16777215,2025-04-19 01:03:11,2658b0ad,1827916203587412992
向前的击退吗？有点意思,73.739,1,25,16777215,2025-04-19 00:55:46,ab6732fa,1827912464366027520
你就是第二个夫赖！！,102.651,1,25,16777215,2025-04-19 00:54:16,b51cf10,1827911709508709888
要饿死了根,110.891,1,25,16777215,2025-04-19 00:53:02,50ce9b85,1827911093742973184
最近太陌生了，视频都不好看了,114.691,1,25,16777215,2025-04-19 00:49:27,d7c9404f,1827909286014375424
你是谁？快从我根儿身上下来！,107.253,5,25,16777215,2025-04-19 00:45:16,ec6f6780,1827907181597556992
这不警告禁言你？,49.425,1,25,16777215,2025-04-19 00:44:24,ede7f9ff,1827906746270818304
居然没有被警告送人头影响游戏体验,52.91,1,25,16777215,2025-04-19 00:43:57,1d9ccd5c,1827906518906444544
那个男人,74.756,1,25,16777215,2025-04-19 00:43:44,fe7aca8,1827906412144112896
一技能无伤进厂，大招霸体走，宗教英雄是这样的,85.591,1,25,16777215,2025-04-19 00:42:28,c5de9b55,1827905774971211520
钻石夺宝，指正,11.909,1,25,16777215,2025-04-19 00:41:10,afc0764b,1827905114468866560
？,115.14,1,25,16777215,2025-04-19 00:37:57,3bd9b401,1827903499108235776
血条再厚 一刀带走,155.959,1,25,16777215,2025-04-19 00:36:49,12a22ce5,1827902925688281856
确实挺不错的,228.658,1,25,16777215,2025-04-19 00:35:34,91e35f44,1827902298580448512
这也不能算吧？这限定的。,9.088,1,25,16777215,2025-04-19 00:33:54,959b5c45,1827901462563684096
强制sm,54.294,1,25,16777215,2025-04-19 00:28:17,3198b4e2,1827898632247286016
还能这样,50.761,1,25,16777215,2025-04-19 00:26:45,39dac8de,1827897861821134848
后期老头怕个毛夏侯惇,208.001,1,25,16777215,2025-04-19 00:23:27,ba228560,1827896204365852928
铁柱说话啊,210.444,1,25,16777215,2025-04-19 00:23:20,9f0c84dc,1827896143355957504
低配版航海，建模不好看音效太轻,24.481,1,25,16777215,2025-04-19 00:19:22,46da7eb0,1827894147681071616
巨人！！！,100.747,1,25,16777215,2025-04-19 00:17:22,c5da436a,1827893138816344320
老鼠,74.926,1,25,16777215,2025-04-19 00:17:16,755f89f,1827893090321736448
牢话说得好,205.314,1,25,16777215,2025-04-19 00:17:04,4cb3fb78,1827892988912220672
和战令看起来好像啊,27.511,1,25,16777215,2025-04-19 00:16:26,d953204e,1827892665942045696
这个二点慢了,178.194,1,25,16777215,2025-04-19 00:15:12,284f09b8,1827892046527130880
真给吕布杀了,161.34,5,25,38979,2025-04-19 00:14:24,6daee518,1827891649720842496
巨人！,103.16,5,25,15138834,2025-04-19 00:13:04,f65a4167,1827890977475067904
5000+人,2.471,1,25,16777215,2025-04-19 00:11:15,cfb20d66,1827890058905732864
赤新鲜的石,7.28,1,25,16777215,2025-04-19 00:10:02,9b4ecccf,1827889452191155712
吕德华：不是所有对抗路都不看战绩吗？,121.376,1,25,15138834,2025-04-19 00:09:45,6a8a6111,1827889307345110784
只要没反甲，暗信可以,201.643,1,25,16777215,2025-04-19 00:09:22,d8c077b2,1827889110388834816
很好奇，这个弹幕刷巨人的真的都看过吗,109.373,1,25,16777215,2025-04-19 00:06:11,4a916e4a,1827887507116066304
我打老头，真的假的？,215.48,1,25,16777215,2025-04-18 23:57:54,16383273,1827883344429001728
雀氏挺不错的,229.399,1,25,16777215,2025-04-18 23:44:43,1c878553,1827876704308843008
项羽看看你都保护了什么,112.233,5,25,15138834,2025-04-18 23:42:50,2d0a7a03,1827875756504548864
这里也有pgone的粉丝,72.023,1,25,16777215,2025-04-18 23:42:13,bc284a43,1827875444398587136
三千人正在看才是顶流。,62.28,1,25,16777215,2025-04-18 23:40:52,45551abd,1827874765860918272
包不够完美的。,54.313,1,25,16777215,2025-04-18 23:40:24,45551abd,1827874531307068672
很像圣诞老人我为什么不用免费的圣诞老人呢,27.459,1,25,16777215,2025-04-18 23:32:33,4ef0886a,1827870581497289472
这……这不对吧，今……今天谁还要加害予我,116.631,1,25,16777215,2025-04-18 23:30:33,69b01321,1827869578219600128
你是谁？！,34.229,1,25,16777215,2025-04-18 23:30:23,5389deba,1827869490911305472
蒸,101.168,1,25,16777215,2025-04-18 23:29:04,bea4ff5f,1827868825266510592
幽默老鼠人,71.303,1,25,16777215,2025-04-18 23:24:42,e25c818,1827866628231653888
哈哈哈,33.026,1,25,16777215,2025-04-18 23:22:26,8cab2c04,1827865489604035328
小龙人捆住也能飞但也飞不走,192.599,1,25,16777215,2025-04-18 23:18:41,b3ae88d3,1827863603844902656
说唱圈那个男人,73.537,1,25,16777215,2025-04-18 23:17:44,5fa26d74,1827863124888888320
怎么成型你别管,94.871,1,25,16777215,2025-04-18 23:13:39,e48fb4fe,1827861069537363968
一个东皇就让你没救了,206.059,1,25,16777215,2025-04-18 23:13:17,4abca997,1827860882110194432
不好！饭里有毒！！,104.621,1,25,15138834,2025-04-18 23:13:16,cd80d272,1827860875072721664
已经入手辣！≈,0.0,5,25,41194,2025-04-18 23:07:11,e327c449,1827857813280960256
确实挺不错的,228.245,1,25,41194,2025-04-18 23:06:59,b95b6c1d,1827857715872583424
根根，饭饭，饿饿,118.8,1,25,16777215,2025-04-18 23:01:52,de6d118,1827855136199075072
下路有个0-6的六神老头你们谁去处理下,93.431,1,25,16777215,2025-04-18 22:59:41,5d0b6ddc,1827854039942035200
第二个是暗信？,144.746,1,25,16777215,2025-04-18 22:59:19,ccc613b1,1827853854159572480
王者清汤大老爷：桀桀桀 我来处罚你啦,208.411,5,25,14811775,2025-04-18 22:58:21,d2a3fbf7,1827853370397092608
人到礼到~,159.242,1,25,16777215,2025-04-18 22:57:33,e8222b30,1827852967341136384
吕布：给我来送暴头了,159.144,5,25,16707842,2025-04-18 22:53:24,1cb1ec6f,1827850874114981632
爷青回,0.671,1,25,16777215,2025-04-18 22:51:05,51c4ef22,1827849713031408896
暗信？,207.756,5,25,15138834,2025-04-18 22:48:27,6d9afb06,1827848381826276352
还有赛季皮肤（）,6.109,1,25,16777215,2025-04-18 22:46:19,3fc16473,1827847315893815040
招笑,160.792,1,25,16777215,2025-04-18 22:43:34,c2a5cf53,1827845925759117312
不杀了我还想走,162.191,1,25,16777215,2025-04-18 22:40:07,fbd3b35f,1827844192337180928
吕布：血条再厚，一刀带走,158.608,5,25,16707842,2025-04-18 22:39:30,b706ca57,1827843883124973312
这没有被系统警告我不是很认可,47.475,5,25,16777215,2025-04-18 22:35:34,3a99d976,1827841903304602112
开饭了,5.54,1,25,16777215,2025-04-18 22:31:38,2c3d316e,1827839923106493952
0/4,119.007,1,25,16777215,2025-04-18 22:31:37,308fc4e5,1827839916965595648
不对啊，这饭有毒！,36.1,5,25,15138834,2025-04-18 22:29:30,e4587124,1827838846294365440
铁根不是厨师长了,116.182,1,25,16777215,2025-04-18 22:26:26,fba87a8f,1827837302522176000
冒牌军师,206.695,1,25,16707842,2025-04-18 22:15:48,e627eef0,1827831950657346304
？？？？？？？？？？？？？？？？？？？？？？？？？？？,105.801,1,25,16777215,2025-04-18 22:15:40,6aa3992a,1827831888782476032
哎，不对，特效按键呢？,15.011,1,25,16777215,2025-04-18 22:12:44,439985d6,1827830411096047616
陷阵之志，有死无生。,109.329,1,25,16777215,2025-04-18 22:10:52,2a08e590,1827829469953133312
元流之子控死你,205.287,1,25,16777215,2025-04-18 22:10:25,6d1388e8,1827829241581125120
铁根玩老头了爷青回,2.002,1,25,16777215,2025-04-18 22:09:57,836f6eb4,1827829012110856704
都不少人,26.669,1,25,16777215,2025-04-18 22:05:52,53bfa114,1827826953042887424
不好，饭里下毒了！,105.68,1,25,16777215,2025-04-18 22:05:48,1480bd31,1827826919538763520
刘禅？不好处理？,220.262,1,25,16777215,2025-04-18 22:02:24,9b29c316,1827825204714478336
筷子砸塑料袋那个你别跑m的回不去了。,22.971,1,25,16777215,2025-04-18 22:00:47,58ff677d,1827824393586414592
幽默老鼠人,71.388,1,25,16777215,2025-04-18 21:59:38,b41f2bff,1827823815619940864
这不是限定皮吗？,2.36,1,25,16777215,2025-04-18 21:54:36,cb144073,1827821280171264768
牢头玩家终于得吃了,2.531,1,25,16777215,2025-04-18 21:53:14,bbe32faf,1827820593085671424
回来了，根,73.586,1,25,16777215,2025-04-18 21:52:35,c1b37957,1827820267205501440
刷问号的是人吗，都说第1个了,151.831,5,25,16777215,2025-04-18 21:51:12,35b26be8,1827819574045728256
项羽：你TM硬得跟钢筋一样啊！！！（破音）,109.942,5,25,16707842,2025-04-18 21:46:54,a7f45bc6,1827817402923305216
骗你的八连臭火,114.934,1,25,16777215,2025-04-18 21:43:11,c1f3b642,1827815532137681920
沒吃到雪豹啊,50.324,1,25,16777215,2025-04-18 21:34:07,14ff9a13,1827810972720123904
戳啦，是砖石夺宝,6.096,5,25,16707842,2025-04-18 21:32:18,a7f45bc6,1827810057983836928
0-4,119.198,1,25,15138834,2025-04-18 21:31:26,c97f6ca4,1827809624150162176
巨人！,102.218,1,25,15138834,2025-04-18 21:31:03,c97f6ca4,1827809426665645824
这并不好笑,73.011,1,25,16777215,2025-04-18 21:26:54,e27cb015,1827807343195948800
这还是2025 吗，这是2021的铁根吧,109.196,1,25,16777215,2025-04-18 21:21:11,8f83fab,1827804467454849280
漂亮啊,103.027,1,25,16777215,2025-04-18 21:19:56,5f5718e,1827803835968882688
铁根，你变了啊,106.866,1,25,16777215,2025-04-18 21:19:17,931f62cb,1827803506364047616
这就是腐烂,123.066,1,25,16777215,2025-04-18 21:12:16,fe21c80e,1827799976110600960
对胃了,162.177,1,25,16777215,2025-04-18 21:12:00,e18944c9,1827799844937994752
潮流仙人：？,0.182,1,25,16777215,2025-04-18 21:10:17,79661034,1827798979921164544
陌生,117.38,1,25,16777215,2025-04-18 21:09:14,29b146ca,1827798451900040192
两小时,6.661,1,25,16777215,2025-04-18 21:01:47,9e637a78,1827794700741057792
幽默谈笑哥,85.831,1,25,16777215,2025-04-18 21:00:35,bb74b5b1,1827794093103764480
圣诞老人免费呀,18.04,1,25,16777215,2025-04-18 21:00:13,70f7774e,1827793912128245760
为啥我的老夫子就很脆,116.374,1,25,16777215,2025-04-18 20:59:44,7e700527,1827793664001775616
就那圣诞老人，他不配，还低配上了,28.083,5,25,15138834,2025-04-18 20:58:46,e6dd3c3d,1827793178141547008
叠被动和大闪超纲了,62.303,1,25,16777215,2025-04-18 20:53:41,a301fb96,1827790623207040512
不好，这饭有毒！,105.495,1,25,16707842,2025-04-18 20:49:56,335d421d,1827788737783307264
小兵不进塔，你在干什么？,147.854,1,25,16777215,2025-04-18 20:48:33,c69a196c,1827788038920094464
突然，一股强劲的音乐响起,99.779,1,25,16777215,2025-04-18 20:47:40,c69a196c,1827787595716258816
7200血602物防，这公孙离出肉了,194.022,1,25,16777215,2025-04-18 20:47:06,b8984556,1827787304824482560
火舞刘禅:有点意思,209.557,1,25,16777215,2025-04-18 20:45:21,ebc26c47,1827786425278439424
只要能到那个地方,31.474,1,25,16777215,2025-04-18 20:36:23,dc609c3e,1827781912677619968
这饭有毒,99.451,1,25,16777215,2025-04-18 20:35:11,71c39295,1827781308219381248
220块的肥铁,133.852,5,25,16707842,2025-04-18 20:31:11,1ad4958,1827779297629270272
没有警告不认可,46.275,1,25,16777215,2025-04-18 20:27:39,74c7493a,1827777518875716352
xy,89.162,1,25,16777215,2025-04-18 20:27:07,3519c906,1827777251622676736
饿！,115.891,1,25,16777215,2025-04-18 20:24:58,6a378389,1827776165600062976
真的要从身后进来吗,146.546,1,25,16777215,2025-04-18 20:24:56,cbd3d756,1827776147606429440
蛙，陌生,0.0,5,25,15138834,2025-04-18 20:24:27,441fddc9,1827775907415512832
哇 陌生,73.843,1,25,16777215,2025-04-18 20:24:15,441fddc9,1827775811181209088
梦老师，赐予我力量！,168.907,1,25,16777215,2025-04-18 20:23:57,73286507,1827775660572115712
失踪人口回归,3.491,1,25,16777215,2025-04-18 20:23:33,db6af48f,1827775453214721280
作日之仇 如芒在背！,134.657,5,25,15138834,2025-04-18 20:20:57,fa0f5cc2,1827774149759337728
我是来看这个的？,113.768,1,25,16777215,2025-04-18 20:18:17,1f52195a,1827772803101964032
吕布:似乎有什么奇怪的东西闯进来了,161.282,1,25,16777215,2025-04-18 20:17:19,c99e80d,1827772319105000448
手音,15.91,1,25,16777215,2025-04-18 20:15:06,1adfb521,1827771201515703040
我出个紫苑你不炸了吗,114.388,1,25,16777215,2025-04-18 20:13:11,3667269,1827770235005011712
饭来！,159.113,5,25,16777215,2025-04-18 20:12:44,77afac7d,1827770011164087808
牢话说的好,207.991,1,25,16777215,2025-04-18 20:12:09,efbfa6c2,1827769721656003840
尿检,120.129,1,25,16777215,2025-04-18 20:11:26,b27b8f33,1827769354168313088
反正我是等航海奇遇。,24.271,1,25,16777215,2025-04-18 20:11:00,e2c067ed,1827769142137825792
那个靠elo机制上分的人，就他能说出那话,119.656,1,25,16777215,2025-04-18 20:08:52,b246cbe0,1827768066281977856
这不我周姐男朋友吗,74.408,1,25,16777215,2025-04-18 20:08:48,6690127a,1827768032140445696
那个靠elo,119.656,1,25,16777215,2025-04-18 20:08:23,b246cbe0,1827767817861766912
所以为什么不用圣诞老人呢,0.48,1,25,16777215,2025-04-18 20:05:52,36c658aa,1827766556911233280
不是三傻吗,219.54,1,25,16777215,2025-04-18 20:05:31,36c658aa,1827766380574509568
忽略～忽略～忽略～～～,19.74,1,25,16777215,2025-04-18 20:05:12,98f1e5cd,1827766222456997376
公孙离想干嘛,200.546,1,25,16777215,2025-04-18 20:05:09,161fe54c,1827766191662866944
换个不靠谱的队友，你都炸了,107.88,1,25,16777215,2025-04-18 20:03:35,36c658aa,1827765403209176320
陌生,72.864,1,25,16777215,2025-04-18 20:03:32,e30071a3,1827765378546171136
这就是小丑降临吗,74.94,1,25,16777215,2025-04-18 20:02:57,36c658aa,1827765090188284416
悄咪咪寄了一次,77.438,5,25,41194,2025-04-18 19:59:48,94c8d1bf,1827763498685033472
并非高额,79.266,5,25,16777215,2025-04-18 19:57:32,1c3f36b4,1827762358211466496
感觉好久好久没见过铁根玩老头了,10.609,5,25,41194,2025-04-18 19:57:20,94c8d1bf,1827762262447254016
怎么陷入水火的，你别问,167.451,1,25,16777215,2025-04-18 19:54:14,aeb29cbe,1827760703139390464
孩子们出息了·一小时,6.963,1,25,16777215,2025-04-18 19:53:59,523ea2c7,1827760575816582912
不敢拉就直接不拉了，这个王者之拉。,104.151,1,25,16777215,2025-04-18 19:53:35,bf729455,1827760369448541696
妲己玩家的脑子 被老夫子绑住交闪现,168.138,1,25,16777215,2025-04-18 19:52:47,49576f3f,1827759966468020224
每日把玩,91.691,1,25,16777215,2025-04-18 19:50:38,49576f3f,1827758886309116928
伴生皮也是皮,11.204,1,25,16777215,2025-04-18 19:50:18,f6232a,1827758719283918848
王者荣耀打钱,223.611,1,25,16777215,2025-04-18 19:49:27,17a83b22,1827758294568620544
根。。。。。。。饿,99.125,1,25,16646914,2025-04-18 19:49:19,bbb3d670,1827758222593846016
七分钟前！！！！！！！！！！！！！！！！！！！！！！！,5.395,1,25,16777215,2025-04-18 19:49:18,ce63e41e,1827758220505231616
一小时热热还能吃,6.935,1,25,16777215,2025-04-18 19:48:30,d933b151,1827757813917602560
下饭,175.401,1,25,16707842,2025-04-18 19:47:59,6d1e2fe,1827757557142642176
那海月是啥？,63.12,1,25,16777215,2025-04-18 19:47:42,f01ee003,1827757412774993408
孩子们这个版本老夫子数值很低，高端局这么打会出事的,204.763,1,25,16777215,2025-04-18 19:44:34,7f1adadc,1827755837637692672
那我为什么不玩圣诞老人（,228.291,1,25,16777215,2025-04-18 19:44:03,13405b2a,1827755570670304512
bgm是啥,95.34,1,25,16777215,2025-04-18 19:43:20,9336f1a5,1827755215882070016
啊,7.34,1,25,16777215,2025-04-18 19:42:45,7ed0c6d6,1827754919152220416
哇，这波后拉和闪现很细啊,99.603,1,25,16777215,2025-04-18 19:42:24,7f1adadc,1827754741347286272
闪现吃雪豹 逼格装满,51.94,1,25,16777215,2025-04-18 19:41:40,9851da9b,1827754374848462592
唉，还有碎片兑换。,6.897,1,25,16777215,2025-04-18 19:41:38,4e125a6d,1827754356477397504
一个小时 还热乎,1.52,1,25,16777215,2025-04-18 19:41:13,579bd915,1827754152240137728
一个小时前,0.0,1,25,16777215,2025-04-18 19:41:07,eb03ffb2,1827754096581576960
真打死了你又不高兴,176.636,5,25,15138834,2025-04-18 19:41:06,59ad83b8,1827754090475100416
这不pgone吗,74.93,1,25,16777215,2025-04-18 19:40:10,eb82d786,1827753619311562240
项羽离老头那么远杀个蛋,119.653,1,25,16777215,2025-04-18 19:39:34,bd853d7,1827753321650636288
暴打狂铁好评,135.635,1,25,16777215,2025-04-18 19:39:31,799de337,1827753294555207680
太乙真人：孩子们，我有两款赛季皮肤,5.206,5,25,16707842,2025-04-18 19:38:34,2a1edc5,1827752816295978496
带线也强的英雄，中后期没俩个人不敢抓他,143.445,1,25,16777215,2025-04-18 19:38:01,1f259e58,1827752536250640640
不是兄弟们回到了22年啊,131.806,1,25,16777215,2025-04-18 19:37:06,1cd0d1a2,1827752080547874560
对味了,165.059,1,25,16777215,2025-04-18 19:37:04,7a19d117,1827752056212601600
项羽给自己顶死了（确信）,35.305,1,25,16777215,2025-04-18 19:36:11,77218939,1827751617303457792
熬隐：你再说一遍？,187.262,5,25,41194,2025-04-18 19:35:04,272493,1827751051785912320
可是我买了百里，,227.153,1,25,16777215,2025-04-18 19:34:25,759bb6ef,1827750721668903424
吕布：不是老弟你有什么实力？,159.934,5,25,15138834,2025-04-18 19:33:54,272493,1827750465665380864
确实挺不错的,229.64,1,25,16777215,2025-04-18 19:33:46,7a19d117,1827750394639036672
尿检！！！！！！！！,116.768,5,25,15138834,2025-04-18 19:33:01,272493,1827750018586094080
怎么陷入水火你别管,165.155,1,25,16777215,2025-04-18 19:32:37,7a19d117,1827749821755901184
牢懿的痛,73.298,5,25,15138834,2025-04-18 19:32:12,272493,1827749608190259456
这不对吧,63.651,5,25,15138834,2025-04-18 19:31:33,5abd752,1827749283425410560
尿检！,32.845,5,25,15138834,2025-04-18 19:31:21,272493,1827749182703295744
50分钟,5.551,1,25,16777215,2025-04-18 19:28:47,ef1ee78c,1827747894548707840
牢猫：当我不存在是吧,204.819,1,25,16777215,2025-04-18 19:28:15,f02b433e,1827747621818255104
还能减速对面,86.581,1,25,16777215,2025-04-18 19:26:57,5262405,1827746964679871744
长的泰唐了,227.891,1,25,16777215,2025-04-18 19:24:58,6a66c80f,1827745966040813568
王者之拉,73.242,1,25,16777215,2025-04-18 19:24:21,157af05,1827745660208813312
高额反弹！,34.188,1,25,16777215,2025-04-18 19:23:02,9aa24f35,1827744999002483200
比守约强,228.707,1,25,41194,2025-04-18 19:20:26,9b129685,1827743684750678016
坦克型公孙离［狗头］,199.004,1,25,16777215,2025-04-18 19:19:06,9f4d5ccc,1827743019274220800
秒赤,2.68,1,25,16777215,2025-04-18 19:18:56,c04575a0,1827742928635390208
诡偷移晶是吧根儿,169.66,1,25,16777215,2025-04-18 19:17:41,f3a32b9c,1827742305487443200
经典菜系回归,0.492,5,25,16777215,2025-04-18 19:17:13,94ab23fa,1827742067837945344
我要饭,123.581,1,25,16777215,2025-04-18 19:16:42,ca1656f4,1827741807598415360
42分钟！！！,106.277,1,25,16777215,2025-04-18 19:16:14,bd990367,1827741575234156288
貂蝉：嗨,199.438,1,25,16777215,2025-04-18 19:16:04,5cd09335,1827741492874154496
48分钟前！,29.32,1,25,16777215,2025-04-18 19:15:36,cb9b5dcd,1827741257263406848
空空儿:你好,203.329,5,25,16777215,2025-04-18 19:15:08,2f690263,1827741021174524416
1-29还看战绩吗,123.863,1,25,16777215,2025-04-18 19:14:05,4ad18965,1827740495728805632
老头↑,225.498,1,25,16777215,2025-04-18 19:13:27,acdd3603,1827740171056472320
圣诞老人那免费比什么都贵，有带徒弟那时间随便找个兼职都可以买几个藏狐皮肤了,226.79,1,25,16777215,2025-04-18 19:12:49,f45fa7f,1827739852230126848
羡慕项羽,29.828,1,25,16777215,2025-04-18 19:12:19,7c7a00e,1827739600228581120
没空我不是很认可,64.451,1,25,16777215,2025-04-18 19:12:09,db36f8c5,1827739521451234304
老厨具限时回归,2.33,1,25,16777215,2025-04-18 19:11:40,5f21f8f0,1827739274775250944
那为什么我不用圣诞老人？,23.733,1,25,16777215,2025-04-18 19:10:41,c29d8970,1827738779209906432
0-4对胃了,124.699,5,25,16777215,2025-04-18 19:09:40,139204af,1827738271515099392
更正:聊胜于无:姑且比没有强,10.821,1,25,15138834,2025-04-18 19:08:59,cb7159b8,1827737920912614144
对面:残血了，就老老实实去死啊！,110.211,5,25,15138834,2025-04-18 19:06:50,28d79627,1827736844990311936
银文司马懿,94.171,1,25,16777215,2025-04-18 19:06:45,b6a65903,1827736801101133056
pgone点赞,75.794,1,25,16707842,2025-04-18 19:06:16,7fe031a1,1827736558309529344
冷知识：敖隐在天上的持续时间比老头大招时间长，能直接飞走,191.473,1,25,15138834,2025-04-18 19:06:15,d7b6e62e,1827736549467961600
每日反杀弟X2,118.294,5,25,16777215,2025-04-18 19:06:12,a912a2dd,1827736525912514816
确实挺不错的,228.401,1,25,16777215,2025-04-18 19:05:37,2078cc64,1827736230885027584
99岁的反应,35.885,1,25,16777215,2025-04-18 19:05:27,e228843e,1827736150195472128
30分钟,0.931,1,25,16777215,2025-04-18 19:04:27,9fbae81f,1827735643397765888
飞不走不会在天上待着？老头能飞上天打你？,193.227,1,25,16777215,2025-04-18 19:03:45,44f7a08,1827735288727029760
我是8分钟,10.775,1,25,16777215,2025-04-18 19:02:45,1cef9b26,1827734785762950656
28分钟前！,6.971,1,25,16777215,2025-04-18 19:02:43,6b6e95c0,1827734768658191104
并非积分夺宝,3.292,5,25,16777215,2025-04-18 19:02:16,11b08d91,1827734541587656704
上一个还是暗信,144.062,1,25,16777215,2025-04-18 19:02:02,38430896,1827734430925031680
老头乐,218.029,5,25,16777215,2025-04-18 19:01:42,398d1727,1827734263110361344
没看到苍穹刚买吗 就知道贬低铁根,114.392,1,25,16777215,2025-04-18 19:01:03,2d5dc4ce,1827733934520532480
我进来了,147.538,5,25,16777215,2025-04-18 19:00:49,925e89d8,1827733811476737792
至于为什么0/4你先别管（）,124.568,5,25,16707842,2025-04-18 19:00:45,95f1f814,1827733784691746304
检测到故意送人头，已将老夫子提出对局,43.92,5,25,16777215,2025-04-18 19:00:45,bbc3b3b,1827733778341260032
小龙人被捆之后是飞不走的,187.24,1,25,15138834,2025-04-18 19:00:34,fe8fd89d,1827733688121669120
老鼠日常展示音文,95.083,5,25,16777215,2025-04-18 19:00:21,a1430382,1827733581049463552
赖神，快把手机还给铁根er!,106.975,1,25,15138834,2025-04-18 18:58:18,fe8fd89d,1827732547321262080
23分钟,9.4,1,25,16777215,2025-04-18 18:58:06,40ccc053,1827732449224985088
老头乐,6.809,5,25,16777215,2025-04-18 18:58:04,398d1727,1827732426517181440
铁柱是吧,107.74,1,25,41194,2025-04-18 18:57:55,e96d998a,1827732353855356416
这是限定,3.59,1,25,41194,2025-04-18 18:57:39,9b129685,1827732218152371456
这是限定,3.59,1,25,16777215,2025-04-18 18:57:33,9b129685,1827732168659850240
这是限定,3.59,1,25,16777215,2025-04-18 18:57:26,9b129685,1827732108102453248
我要开始压力这个阿狸了,199.891,1,25,16777215,2025-04-18 18:57:25,787768c4,1827732106214807296
666    9000+盐都不盐了,14.811,1,25,16777215,2025-04-18 18:57:21,af40d03a,1827732067627573504
幽默老鼠人,70.61,1,25,16777215,2025-04-18 18:56:13,b58cafa2,1827731501555707904
9000人国宴,15.746,1,25,16777215,2025-04-18 18:56:10,34865a0f,1827731473302584576
公:ib掉点奇男子,200.107,1,25,16777215,2025-04-18 18:55:45,f1b24970,1827731265776904448
800年没玩老头了,0.0,1,25,41194,2025-04-18 18:55:41,e96d998a,1827731226678189568
刚刚,7.406,1,25,16777215,2025-04-18 18:55:25,63e39ce1,1827731092661852416
暗信拆塔不比老夫子快？,136.968,5,25,15138834,2025-04-18 18:54:40,af7319c3,1827730722052502272
铁根又玩老夫子了！！！！！爷青回！！！！！,8.34,1,25,16777215,2025-04-18 18:54:24,2fcc7d9d,1827730585309950464
哇哦啊这 啊这,187.486,1,25,16777215,2025-04-18 18:53:52,425f734c,1827730316774146304
啊这啊这,162.601,1,25,16777215,2025-04-18 18:53:23,425f734c,1827730077061421568
这不对吧,117.547,1,25,16777215,2025-04-18 18:53:00,d7c29f3d,1827729880155540992
1.1万+,0.221,1,25,16777215,2025-04-18 18:52:40,a13ea9ea,1827729712894542592
女魔射发力了,179.271,1,25,16777215,2025-04-18 18:51:59,69d01953,1827729371805946112
其实都一个样，因为团战里也会不见,196.947,5,25,15138834,2025-04-18 18:51:46,293d4c7a,1827729259322656768
十七分钟前,0.96,1,25,16777215,2025-04-18 18:51:43,d1d8374c,1827729237336299264
项羽：王者荣耀设计师！,35.287,5,25,15138834,2025-04-18 18:51:24,59b14808,1827729073096062720
没被警告我不认可,49.431,1,25,16777215,2025-04-18 18:51:02,e190c2df,1827728887263144192
潮流仙人：？不是哥们？,6.411,1,25,16777215,2025-04-18 18:50:52,2e9d6daa,1827728808888493568
处反甲杀完了,180.531,1,25,16777215,2025-04-18 18:50:45,4337b16e,1827728747793771008
2/7，猜猜队友为什么陷入水火？（dog）,163.614,5,25,16777215,2025-04-18 18:50:18,e8cfc328,1827728523365030400
16,9.851,1,25,16777215,2025-04-18 18:50:12,a6586635,1827728467094446848
确实挺不错的,227.146,1,25,16777215,2025-04-18 18:49:26,d52b99a3,1827728085731687424
1、2万+,3.002,1,25,16777215,2025-04-18 18:49:25,195bab33,1827728072989239296
敖隐:在想我的事?,184.657,1,25,16777215,2025-04-18 18:49:09,67706e89,1827727945784557568
这凭什么被推出去啊？,88.167,1,25,16707842,2025-04-18 18:48:27,b95d0919,1827727586718524416
闪到音道了,102.212,1,25,16777215,2025-04-18 18:48:17,34e1e992,1827727506631888128
招笑老鼠人,71.24,5,25,6830715,2025-04-18 18:48:16,8233a91e,1827727494536003840
公孙离：你能打得到我？,179.009,1,25,16777215,2025-04-18 18:48:16,ad66f115,1827727494360043264
对味了,159.839,1,25,16777215,2025-04-18 18:48:14,31655b5b,1827727482573533952
确实挺不错的,228.561,1,25,16777215,2025-04-18 18:48:14,4096685b,1827727482229544704
还不如圣诞老人，可以白嫖,221.231,5,25,15138834,2025-04-18 18:48:13,bdc40bee,1827727472289604608
10分钟，冷了冷了。,22.251,1,25,16777215,2025-04-18 18:48:09,769033d,1827727441729336064
高额免伤小子,114.651,1,25,16777215,2025-04-18 18:47:33,34e1e992,1827727139320213248
秒吃,3.986,1,25,16777215,2025-04-18 18:47:30,91f7f979,1827727109330750464
熬影:哦，是吗？,181.515,1,25,16777215,2025-04-18 18:47:05,445f74f8,1827726903013324544
爷青回,1.253,1,25,16777215,2025-04-18 18:47:00,10fe4a8,1827726864349966848
怎么0-4的说说吧,126.622,1,25,16777215,2025-04-18 18:46:58,fb2dd4e3,1827726844813320192
公孙离这波真不是人，大后期还敢不把老夫子当回事,182.018,1,25,16777215,2025-04-18 18:46:48,d5e9a9f9,1827726758922230272
尿检,62.551,1,25,15138834,2025-04-18 18:46:35,caf81e23,1827726647311457792
不够完美！没吃到血包！,50.492,1,25,16777215,2025-04-18 18:46:05,c4968db7,1827726400393164288
细节一级大,122.005,1,25,16777215,2025-04-18 18:45:49,387d043c,1827726265210456320
并非完美,50.559,1,25,16777215,2025-04-18 18:45:41,eb1aa9a7,1827726197136808192
11分钟,3.711,1,25,16777215,2025-04-18 18:45:41,d440f782,1827726195358888192
11分钟！，！！！，！！,1.554,1,25,16777215,2025-04-18 18:45:30,7c1ce6d8,1827726104627717888
最热乎的一集,11.262,1,25,16777215,2025-04-18 18:45:20,ca7ff709,1827726023828240640
10分钟还能吃,5.065,5,25,15138834,2025-04-18 18:45:20,7aa873ad,1827726022922653184
虚假的单挑:老夫子    真正的单挑:小黑屋,52.259,1,25,16777215,2025-04-18 18:45:00,67706e89,1827725852021401344
盘古呢？,205.368,1,25,16777215,2025-04-18 18:44:51,9b74a7cd,1827725776985492736
操作的小曲,169.755,1,25,16777215,2025-04-18 18:44:50,255c7bc6,1827725768613698816
逆风的小曲,173.602,1,25,16707842,2025-04-18 18:44:49,fe1bcceb,1827725757632980480
吕布：宋,159.733,1,25,16707842,2025-04-18 18:44:31,fe1bcceb,1827725613944348416
公孙离菜而已,204.502,1,25,16777215,2025-04-18 18:44:26,61b18e1e,1827725566455969792
秒赤,0.55,5,25,15138834,2025-04-18 18:44:25,c151d5b8,1827725559879209728
小龙人：？必死？,193.9,1,25,16777215,2025-04-18 18:44:12,7a0cd1bb,1827725451079491072
我靠，这名字pg?,73.301,1,25,16777215,2025-04-18 18:44:10,c0cdeed5,1827725435367380736
加纳~,115.372,1,25,16777215,2025-04-18 18:44:06,54134be5,1827725398239469312
根根，饿饿，饭饭,121.35,1,25,16777215,2025-04-18 18:44:01,255c7bc6,1827725360146965248
确实挺不错的,226.534,5,25,16777215,2025-04-18 18:43:55,336e9167,1827725306795563264
来了,16.258,1,25,16777215,2025-04-18 18:43:54,77beca06,1827725296594916864
啊，这么陌生。,64.691,1,25,16777215,2025-04-18 18:43:40,196aa924,1827725180278553600
wc,122.09,1,25,16777215,2025-04-18 18:43:35,b2671461,1827725142587932416
wc,122.242,1,25,16777215,2025-04-18 18:43:35,b2671461,1827725142546105344
什么1.5万人,202.971,1,25,16777215,2025-04-18 18:43:22,eecdaec1,1827725033771157760
凯：？？？？？？,202.24,1,25,16777215,2025-04-18 18:43:15,afca89e2,1827724972274372096
老鼠晚三秒钟开1就跑了,77.03,5,25,16777215,2025-04-18 18:43:11,b4619f45,1827724935347684608
这个时候就应该来一首樱花树下的约定,104.592,1,25,16707842,2025-04-18 18:43:08,fe1bcceb,1827724916507089408
2.0万+,4.12,1,25,16777215,2025-04-18 18:43:06,921b8a52,1827724894059273984
6,49.464,1,25,16777215,2025-04-18 18:42:58,255c7bc6,1827724829861168384
是谁醉酒策马我嘶吼望断天涯（不是）,97.998,1,25,16777215,2025-04-18 18:42:49,fe1bcceb,1827724752971275264
省流：非标准结局,1.257,1,25,16777215,2025-04-18 18:42:35,6df6ddd2,1827724634330643968
队友怎么陷入水火的（）,165.466,5,25,16777215,2025-04-18 18:42:32,336e9167,1827724615465270272
这下对胃了,160.259,1,25,16777215,2025-04-18 18:42:13,59903a0a,1827724449143956992
占领空屏,172.871,1,25,16777215,2025-04-18 18:42:11,d4d251df,1827724433960341248
圣诞老人感觉是用着最好的,15.091,1,25,16777215,2025-04-18 18:41:53,d5e9a9f9,1827724284274629888
确实挺不错的,225.694,5,25,16777215,2025-04-18 18:41:46,dc2a6e81,1827724226468193792
好久没看到铁根玩老夫子了,0.371,5,25,16777215,2025-04-18 18:41:34,ab4b338c,1827724128799738112
666吃上热乎的了,7.839,1,25,16777215,2025-04-18 18:41:25,5a9b4421,1827724051498768896
这这、这对吗,115.723,5,25,15138834,2025-04-18 18:41:25,6bb94619,1827724048873485824
等等，逐风？,128.554,1,25,16777215,2025-04-18 18:41:16,3644cb68,1827723971874324480
招牌菜,0.371,5,25,16777215,2025-04-18 18:41:15,ab4b338c,1827723968266724608
 6分钟还热乎,10.391,1,25,41194,2025-04-18 18:41:12,8e7dcedb,1827723937933722112
没座！,116.516,5,25,16707842,2025-04-18 18:41:11,82d35c9f,1827723936734320640
潮流仙人：我是不是皮肤啊！是不是！（Doge）,4.579,1,25,16777215,2025-04-18 18:41:09,ea6efafc,1827723916316775680
我觉得你吃饱了,229.551,5,25,15138834,2025-04-18 18:41:08,d2f50c1d,1827723909706299648
勾运吗,116.597,5,25,16707842,2025-04-18 18:40:59,5daa0134,1827723832295786496
确实挺不错的,226.311,5,25,16777215,2025-04-18 18:40:58,ce557b7c,1827723826566817792
你不是铁根，快从铁根身上下来,110.32,5,25,15138834,2025-04-18 18:40:56,675f4d40,1827723809277707008
这时应该是铁柱的,208.97,1,25,16777215,2025-04-18 18:40:52,4b2a5d5d,1827723775472049408
经典菜系,0.611,1,25,16777215,2025-04-18 18:40:48,ab4b338c,1827723738125421312
陌生,135.467,5,25,15138834,2025-04-18 18:40:47,fcfdac41,1827723731826096640
队友怎么陷入水火的你别管战绩2－7－7,163.132,1,25,15138834,2025-04-18 18:40:38,2ca4c897,1827723658148221696
那问题来了，队友是怎么陷入水火的呢？,165.053,1,25,16777215,2025-04-18 18:40:36,ec8cffa6,1827723638653724416
不好，饭里有毒！,116.07,1,25,16777215,2025-04-18 18:40:33,59903a0a,1827723615425185536
好燃啊，但是到底哪里燃了？,102.53,5,25,16707842,2025-04-18 18:40:32,5daa0134,1827723601709708800
谈笑间狄仁杰被小乔秒了,102.287,5,25,41194,2025-04-18 18:40:30,dd6caa89,1827723589059819776
队友是怎么陷入水火的呢,169.883,1,25,16777215,2025-04-18 18:40:26,8bb6e37d,1827723557476667136
那队友是怎么陷入水火的呢？,163.777,1,25,16777215,2025-04-18 18:40:23,644332d7,1827723526673576192
fff,55.791,1,25,16777215,2025-04-18 18:40:21,931ecb8a,1827723510450222592
雾鸦,31.739,1,25,16777215,2025-04-18 18:40:18,a70209ff,1827723487390377216
我觉得挺不错的,228.358,1,25,16777215,2025-04-18 18:40:17,da8283a5,1827723479076604672
根根，饭饭，饿饿,106.455,1,25,16777215,2025-04-18 18:40:17,9f17a601,1827723478674149888
最早的一次,7.731,5,25,15138834,2025-04-18 18:40:14,aa332782,1827723452577224960
PGone勇闯王者峡谷,60.052,1,25,16777215,2025-04-18 18:40:12,6fcec37a,1827723440615344896
老鼠正常发挥,70.681,1,25,16777215,2025-04-18 18:40:11,fe1bcceb,1827723426010885888
好菜的公孙离,205.063,1,25,16777215,2025-04-18 18:40:08,b752bc21,1827723404804619008
1.5万人没人说话？,137.919,1,25,16777215,2025-04-18 18:40:06,c75acdc6,1827723391491403776
射手给机会啊，演员啊,207.241,1,25,16777215,2025-04-18 18:40:06,cbab98cb,1827723391071687168
突然发现六分钟前,99.117,5,25,16777215,2025-04-18 18:40:04,5daa0134,1827723371400766720
那为什么不去玩圣诞老人？,222.842,1,25,16777215,2025-04-18 18:40:03,80187f81,1827723364069023744
队友：老夫子存活15级,159.433,5,25,15138834,2025-04-18 18:40:02,ec8cffa6,1827723356972614656
饭里一粒米都没有,115.872,5,25,16777215,2025-04-18 18:39:56,f0f6312b,1827723304652460800
确实挺不错的,228.36,1,25,16777215,2025-04-18 18:39:49,d558023f,1827723241754725632
这二百你路上拿着,161.459,5,25,16777215,2025-04-18 18:39:43,bb7f3e87,1827723195902434560
吕布：老头这一丝血我必劈你,158.892,1,25,16777215,2025-04-18 18:39:41,45ecbf5e,1827723174914599168
我们该算算旧账了,136.032,1,25,16777215,2025-04-18 18:39:40,f0cbb1cd,1827723170468826112
确实挺不错的,226.074,1,25,16777215,2025-04-18 18:39:40,e6b738af,1827723167465594624
怎么逆风怎么水火的你别问,163.959,1,25,16777215,2025-04-18 18:39:37,19f1bd36,1827723144438888704
全世界最早,0.92,5,25,15138834,2025-04-18 18:39:36,62323fa8,1827723133440909824
快说，究竟是谁在厨子饭里下毒的,111.28,5,25,16777215,2025-04-18 18:39:36,965a63d9,1827723132073999104
5分钟,2.567,1,25,16777215,2025-04-18 18:39:27,ee68a3fa,1827723059806291200
热一热还能吃,3.627,5,25,16777215,2025-04-18 18:39:26,8f3de57d,1827723054336253440
他自杀了,163.651,1,25,16777215,2025-04-18 18:39:26,4692def1,1827723048942960896
我觉得非常不错,228.76,5,25,16777215,2025-04-18 18:39:25,86f0c8b1,1827723040486703872
牢懿是这样的,71.235,1,25,16777215,2025-04-18 18:39:24,59903a0a,1827723036166687232
山东省气人王,0.428,1,25,16777215,2025-04-18 18:39:22,49b18ed2,1827723016235878656
这一刻简直是像战神,109.819,1,25,16777215,2025-04-18 18:39:21,b79b9ce0,1827723006555310336
吃,8.173,1,25,16777215,2025-04-18 18:39:20,7ac38071,1827722999433413888
对味了,159.776,1,25,16777215,2025-04-18 18:39:20,c92bb6ef,1827722997453385984
2分钟,17.412,1,25,16777215,2025-04-18 18:39:19,a8008eae,1827722991706961664
吕布:招,163.583,1,25,16777215,2025-04-18 18:39:17,b752bc21,1827722977849541376
确实挺不错的,228.31,5,25,15138834,2025-04-18 18:39:12,ae1dfaa4,1827722937910908160
你别说这稠狐狸大招还挺好,170.779,1,25,16777215,2025-04-18 18:39:10,ef0b906,1827722918516817408
终于玩，老头了，爷青回,0.671,1,25,14811775,2025-04-18 18:39:09,1fdba59c,1827722912736784896
2/7，是怎么陷入水火的不说是谁,163.208,1,25,16777215,2025-04-18 18:39:03,cbab98cb,1827722859074827008
幽默老鼠,68.369,1,25,16777215,2025-04-18 18:38:58,768a5a7e,1827722815705616128
不如圣诞,23.611,5,25,15138834,2025-04-18 18:38:57,fdc7821d,1827722806797479168
确实挺不错的,227.6,5,25,15138834,2025-04-18 18:38:56,10c0eb87,1827722796781485312
2-7怎么逆风的你别管,169.389,1,25,16777215,2025-04-18 18:38:55,80187f81,1827722788132229889
那么队友是怎么陷入水火的呢？,164.076,1,25,16777215,2025-04-18 18:38:46,84b2a80c,1827722718029170432
怎么陷入水火:铁根2-7,164.156,1,25,16777215,2025-04-18 18:38:46,ef0b906,1827722716351367424
不好！饭里有毒！,111.083,1,25,16777215,2025-04-18 18:38:45,166c20ef,1827722708365095680
怎么陷入的你别问,165.041,1,25,16777215,2025-04-18 18:38:43,b1f33293,1827722692686883840
此地，容不下你,130.598,1,25,11890,2025-04-18 18:38:43,8281b520,1827722692124585472
确实挺不错的,228.051,1,25,16777215,2025-04-18 18:38:43,71308d61,1827722691881937152
没用过圣诞老人的根本不知道,25.41,1,25,16777215,2025-04-18 18:38:41,d3db2e70,1827722671791035136
小乔：这力量不属于你,104.171,1,25,16777215,2025-04-18 18:38:35,509b6192,1827722622633597696
对胃了,161.325,1,25,16777215,2025-04-18 18:38:34,80187f81,1827722617751108864
看战绩就知道水火哪来的了,168.853,1,25,16777215,2025-04-18 18:38:33,363305d6,1827722610361503744
差多了这手感,28.819,1,25,16777215,2025-04-18 18:38:27,c568cd92,1827722559962566400
怎么陷入水火的你别管,163.656,1,25,16777215,2025-04-18 18:38:26,436fa564,1827722547135899648
0/4,119.131,1,25,16777215,2025-04-18 18:38:25,f7609741,1827722537212429824
4分钟！,1.865,1,25,16777215,2025-04-18 18:38:22,c89d763c,1827722514831568384
用盘古。,92.14,1,25,16777215,2025-04-18 18:38:15,87e9cd00,1827722455474020864
铁根铁根，那队友是怎么陷入水火的呢？,164.221,1,25,16777215,2025-04-18 18:38:12,ef0567b2,1827722432380403200
这，这不对吧,113.943,1,25,16777215,2025-04-18 18:38:10,c92bb6ef,1827722418555294464
我们该，算算旧账了,130.598,5,25,11890,2025-04-18 18:38:10,8281b520,1827722413354549760
确实挺不错的,227.291,1,25,16777215,2025-04-18 18:38:09,456692cd,1827722406324792064
舒服了,160.897,1,25,16777215,2025-04-18 18:38:08,2de9cb6d,1827722399698317312
你是？,141.165,1,25,16777215,2025-04-18 18:38:07,80187f81,1827722385093127168
舒服了,162.309,1,25,16777215,2025-04-18 18:38:02,2881cd5b,1827722349945332992
陌生,117.779,1,25,16777215,2025-04-18 18:38:02,2d667125,1827722349744196352
厨师长掀桌了,99.67,1,25,16777215,2025-04-18 18:38:00,f6463401,1827722327371608832
确实,178.669,1,25,16777215,2025-04-18 18:37:58,13e6d019,1827722313018846464
老夫子有积分夺宝吗？,4.627,1,25,16777215,2025-04-18 18:37:58,ad5ef760,1827722312280669184
敖隐：？,185.036,5,25,15138834,2025-04-18 18:37:57,719dc98c,1827722306987015168
不好，饭里有毒,103.981,5,25,16777215,2025-04-18 18:37:54,f0f6312b,1827722280420427264
我怎么听着是鞭子抽在身上的感觉,25.279,5,25,16707842,2025-04-18 18:37:53,fec01333,1827722267946212864
队友怎么陷入水火的,163.245,1,25,16777215,2025-04-18 18:37:52,1e07ba4,1827722262804667392
陌生,102.911,1,25,16777215,2025-04-18 18:37:50,162e33d0,1827722247645832448
空瓶是我的,160.066,1,25,16777215,2025-04-18 18:37:45,642d8329,1827722203689995776
雅典娜…,120.197,1,25,16777215,2025-04-18 18:37:43,e0daa8ab,1827722189974576128
这不对吧？(),106.011,1,25,16777215,2025-04-18 18:37:41,74fb894e,1827722172374891264
饱了,157.994,1,25,16777215,2025-04-18 18:37:41,aae0f4a8,1827722169724516352
根终于更老头了，爷青回！,0.309,1,25,16777215,2025-04-18 18:37:40,59903a0a,1827722161125826560
这个素材用过了,143.969,1,25,16777215,2025-04-18 18:37:38,8b32c57a,1827722142570669568
舒服了,161.68,5,25,15138834,2025-04-18 18:37:37,10c0eb87,1827722134442163712
？老头特色？,55.515,5,25,15138834,2025-04-18 18:37:36,277a2044,1827722126145805824
陌生,91.981,5,25,16777215,2025-04-18 18:37:34,f0f6312b,1827722114359392768
这不得被狄大人警告？,47.084,5,25,16707842,2025-04-18 18:37:34,6b432f80,1827722113000469504
那我问你，为什么,164.563,1,25,16777215,2025-04-18 18:37:32,379886b3,1827722096273286656
黑牢鼠,70.984,5,25,15138834,2025-04-18 18:37:31,c3b862a9,1827722086165311488
7级打9级,120.239,1,25,16777215,2025-04-18 18:37:29,13ad0f91,1827722071502368512
所以为什么要追着辅助打呢,104.865,1,25,16777215,2025-04-18 18:37:29,1eb4d3af,1827722069580761088
项羽背大锅,63.742,1,25,16777215,2025-04-18 18:37:28,4f844283,1827722063943624960
司马懿：王者荣耀策划,71.33,5,25,15138834,2025-04-18 18:37:28,83b1ee2c,1827722062727786240
这这不对吧,120.15,1,25,16777215,2025-04-18 18:37:26,c6fbd541,1827722043668887040
？,103.469,1,25,16777215,2025-04-18 18:37:26,80187f81,1827722043156961280
每头梦,104.909,1,25,16777215,2025-04-18 18:37:26,73e97bbf,1827722041059712000
怎么陷入水火的？,164.718,1,25,16777215,2025-04-18 18:37:25,55169304,1827722039223037696
3分,3.583,1,25,16777215,2025-04-18 18:37:25,b7ebd0af,1827722035540379136
？,105.011,1,25,16777215,2025-04-18 18:37:24,363305d6,1827722028619888896
饭里有毒,106.516,5,25,16777215,2025-04-18 18:37:21,346abc8c,1827721999561304576
0分钟,127.17,1,25,16777215,2025-04-18 18:37:19,f334abf9,1827721990149116416
吃能量包未遂,48.273,5,25,15138834,2025-04-18 18:37:16,277a2044,1827721962744170752
开饭,0.42,5,25,16777215,2025-04-18 18:37:16,965a63d9,1827721957887108096
这就是你0-4的理由吗,120.628,1,25,16777215,2025-04-18 18:37:15,b2ffb2dd,1827721956150142464
秒吃,4.051,1,25,16777215,2025-04-18 18:37:15,15e4f797,1827721953532885760
对味儿了,158.752,1,25,16777215,2025-04-18 18:37:15,1fdba59c,1827721951091931136
0-4-0,119.811,1,25,16777215,2025-04-18 18:37:14,e145810a,1827721946318907136
咋没人,111.724,1,25,16777215,2025-04-18 18:37:14,e288bab9,1827721942929793792
展示神力,72.611,1,25,16777215,2025-04-18 18:37:11,e591d011,1827721921816140800
“0-4-0”,119.011,5,25,16777215,2025-04-18 18:37:08,ce557b7c,1827721893831762944
好笑吗，我只看到一只绝望的老鼠,68.734,1,25,16777215,2025-04-18 18:37:05,911de124,1827721872851658752
小丑司马懿,73.141,1,25,16777215,2025-04-18 18:37:05,f0f6312b,1827721872096106496
陌生,109.506,1,25,16777215,2025-04-18 18:37:03,a8e53f61,1827721848222259200
夹子元坦暗信：请选择你的英雄,93.651,1,25,16777215,2025-04-18 18:37:02,b6228fd6,1827721841570745856
那确实挺不错的,227.1,5,25,15138834,2025-04-18 18:37:00,8421c08a,1827721825992868864
这就是福来,105.791,1,25,16777215,2025-04-18 18:36:59,5b7805c9,1827721821857453824
两分钟,13.58,1,25,16777215,2025-04-18 18:36:58,4aa02a0b,1827721814022459648
细节打项羽,14.14,1,25,16777215,2025-04-18 18:36:57,eb31faa2,1827721805423820032
陌生,122.562,1,25,16777215,2025-04-18 18:36:56,9d15df89,1827721795341098496
111,10.331,1,25,16777215,2025-04-18 18:36:55,306a85ef,1827721783629903616
两分钟,7.051,1,25,16777215,2025-04-18 18:36:53,8bf796e4,1827721768665233408
3分钟前,0.0,1,25,16777215,2025-04-18 18:36:52,339fe417,1827721758481449472
细节打项羽,14.14,1,25,16777215,2025-04-18 18:36:52,eb31faa2,1827721758321847552
有效乘伤！,110.037,1,25,16777215,2025-04-18 18:36:46,13e6d019,1827721706203613184
？,118.18,1,25,16777215,2025-04-18 18:36:45,7ae7ec79,1827721705347407360
陌生,92.286,1,25,16777215,2025-04-18 18:36:43,2881cd5b,1827721688126221056
为什么陷入的你别问,163.853,1,25,16777215,2025-04-18 18:36:39,c4a2250b,1827721654806230784
血包：并非完美,47.251,1,25,16777215,2025-04-18 18:36:39,e591d011,1827721652852113664
开了吧。,120.208,1,25,16777215,2025-04-18 18:36:37,55169304,1827721634422291200
哦,3.833,1,25,16777215,2025-04-18 18:36:34,30f084a8,1827721610053081344
细节鸡爪,125.119,1,25,16777215,2025-04-18 18:36:34,1fdba59c,1827721607058330880
1102,4.16,1,25,16777215,2025-04-18 18:36:33,67d690d1,1827721603384203008
最早的一集,1.349,1,25,16777215,2025-04-18 18:36:32,7ab973a0,1827721594920454144
陌生,103.02,5,25,15138834,2025-04-18 18:36:32,10c0eb87,1827721588276587008
血包逃过一劫。,48.705,1,25,16777215,2025-04-18 18:36:30,3266c66e,1827721578058877952
陌生,115.094,1,25,16777215,2025-04-18 18:36:30,7ad79dfe,1827721575743977472
这不对吧？,115.795,1,25,16777215,2025-04-18 18:36:30,55169304,1827721574351613696
幽默老鼠人,72.451,1,25,16777215,2025-04-18 18:36:29,27283812,1827721565031134720
宇智波奶昔！,32.416,1,25,16777215,2025-04-18 18:36:27,6d7d52cd,1827721553229026048
陌生,116.351,1,25,16777215,2025-04-18 18:36:27,3dcf5b9c,1827721549764558592
两分钟,0.0,1,25,16777215,2025-04-18 18:36:26,94574e47,1827721542743180032
芝士雪豹（血包）：什么动静,49.18,1,25,16777215,2025-04-18 18:36:26,13e66b3b,1827721540662908160
最早,3.536,1,25,41194,2025-04-18 18:36:25,889b31ce,1827721531057529600
来早了,74.384,1,25,16777215,2025-04-18 18:36:22,5205efd9,1827721511579264768
陌生,67.039,1,25,16777215,2025-04-18 18:36:21,f8c95310,1827721503233018624
细节不吃血包,47.09,1,25,16777215,2025-04-18 18:36:20,55ad0d9e,1827721490331161856
饭里下毒了！,114.434,1,25,15138834,2025-04-18 18:36:18,3a0f1262,1827721478301454080
秒吃,3.16,1,25,15138834,2025-04-18 18:36:18,7ef6c308,1827721472270487552
菜逼连血包都没给他润了。,49.934,1,25,11890,2025-04-18 18:36:07,891314ee,1827721385414880256
秒吃,7.424,5,25,15138834,2025-04-18 18:36:06,97dfb9d9,1827721372965913600
来了,6.259,1,25,16777215,2025-04-18 18:36:05,4bb632c7,1827721366305356032
一分钟！,1.18,1,25,16777215,2025-04-18 18:36:04,2b887ee5,1827721353277805824
差个雪豹,47.775,1,25,16777215,2025-04-18 18:36:02,2c91d83,1827721336458345728
秒吃,74.691,1,25,16777215,2025-04-18 18:35:59,188e5a9b,1827721318532273408
听到音效直接上号去买,22.325,1,25,16777215,2025-04-18 18:35:58,644332d7,1827721308138719232
第一个,36.909,1,25,15138834,2025-04-18 18:35:56,6887fe22,1827721291798136320
雪豹吃了就更好了,51.981,1,25,16777215,2025-04-18 18:35:55,ec6eee50,1827721278577684992
一分钟,5.27,1,25,16777215,2025-04-18 18:35:49,25d0e942,1827721231542396416
热乎的,60.409,1,25,16777215,2025-04-18 18:35:46,cef5e451,1827721205445224960
来的挺早的,3.373,1,25,16777215,2025-04-18 18:35:44,76764a15,1827721190044185344
2分钟,9.611,1,25,16777215,2025-04-18 18:35:40,c7e1903b,1827721156019355648
血包：嘿嘿嘿,48.144,5,25,16707842,2025-04-18 18:35:36,6ae54114,1827721125996648192
空屏,36.211,1,25,16777215,2025-04-18 18:35:36,2c2a9df5,1827721118321375744
细节王维处,77.531,1,25,16777215,2025-04-18 18:35:31,1fdba59c,1827721077418227456
一分钟我出息了,9.5,1,25,16777215,2025-04-18 18:35:27,bbe350f7,1827721049299661568
1分钟,4.711,1,25,16777215,2025-04-18 18:35:27,83413c23,1827721046389070848
没吃到猕猴桃，略感遗憾~,47.282,5,25,16777215,2025-04-18 18:35:23,38a26c5d,1827721015099370496
只要能到那个地方,49.631,1,25,16777215,2025-04-18 18:35:21,a5678b02,1827721000033948672
秒吃如何呢,11.348,1,25,16777215,2025-04-18 18:35:21,568ec767,1827720996392690688
烫,7.731,1,25,16777215,2025-04-18 18:35:21,7517345c,1827720996208638208
刚刚！,4.149,1,25,16777215,2025-04-18 18:35:09,5de7c6e4,1827720899395358720
零分钟,3.95,1,25,16777215,2025-04-18 18:35:08,8b32c57a,1827720885764285440
刚刚！,39.331,1,25,16777215,2025-04-18 18:35:07,a48b9afd,1827720879607041792
秒吃,1.1,1,25,16777215,2025-04-18 18:35:03,f81657cc,1827720847939442176
呜呜呜,51.719,1,25,16777215,2025-04-18 18:35:00,94db82b2,1827720816541381888
o分钟还能吃,10.549,1,25,16777215,2025-04-18 18:34:57,13e6d019,1827720792843542272
0分钟,6.701,1,25,16777215,2025-04-18 18:34:56,25e4c341,1827720789966395904
0分钟！,9.36,1,25,16777215,2025-04-18 18:34:56,30736427,1827720784597710592
刚刚,15.479,1,25,16777215,2025-04-18 18:34:55,3cb59fa1,1827720781669616896
0分钟,0.768,1,25,16777215,2025-04-18 18:34:54,5cd59fe7,1827720772358604800
秒吃,17.085,1,25,16777215,2025-04-18 18:34:52,379886b3,1827720755765467136
来了奥,2.097,1,25,16777215,2025-04-18 18:34:47,5c2460ee,1827720708756245504
第一，可以吃,0.813,1,25,15138834,2025-04-18 18:34:46,b9cfbec0,1827720706776581376
抢位置。,9.511,1,25,16777215,2025-04-18 18:34:45,55169304,1827720695401492736
0分钟前！第一,2.899,1,25,16777215,2025-04-18 18:34:44,dfef3bd3,1827720688547800832
秒吃如何呢,13.016,1,25,16777215,2025-04-18 18:34:43,e96edb30,1827720679345313280
秒吃,4.575,1,25,16777215,2025-04-18 18:34:37,84da4eca,1827720626975673344
来了。,3.051,1,25,16777215,2025-04-18 18:34:34,55169304,1827720603185533184
听说来早了，发什么都会火,4.2,1,25,16777215,2025-04-18 18:34:34,ab43dff3,1827720599410705152
秒赤,5.277,1,25,16777215,2025-04-18 18:34:32,332d97b4,1827720588614527232
零分钟,138.631,1,25,16777215,2025-04-18 18:34:32,da8283a5,1827720584587398400
秒赤，如何呢,3.351,1,25,16777215,2025-04-18 18:34:30,50d9bcbd,1827720572491722496
刚刚！！,1.095,1,25,16777215,2025-04-18 18:34:28,436fa564,1827720548130816512
就我自己,5.611,1,25,16777215,2025-04-18 18:34:25,f69ae976,1827720524441621248
一分钟,4.63,1,25,15138834,2025-04-18 18:34:22,aaf0cb4,1827720505592512256
刚刚,1.96,1,25,16777215,2025-04-18 18:34:14,9b475096,1827720432192216576
一分钟我出息了,0.06,1,25,16777215,2025-04-18 18:34:11,7ad79dfe,1827720408250995200
刚刚,0.851,1,25,16777215,2025-04-18 18:34:08,86f0c8b1,1827720386910099200
啊哈,4.691,1,25,16777215,2025-04-18 18:34:06,418daf41,1827720369999117568
